id,entity
e1,朱亚文
e2,李克勤
e3,陈奕迅
e4,黄旭熙
e5,沈佳妮
e6,林夕
e7,刘芸
e8,曹曦文
e9,袁文康
e10,林志炫
e11,陈晓东
e12,魏蔓
e13,陆雁鸿
e14,杨千嬅
e15,郝蕾
e16,童瑶
e17,冯绍峰
e18,黄奕
e19,潘乃宪
e20,王彦霖
e21,莫文蔚
e22,陈裘大
e23,谭咏麟
e24,韩红
e25,尹航
e26,曾志伟
e27,李佳航
e28,李晟
e29,李双江
e30,蒲冰墨
e31,罗晋
e32,陈家瑛
e33,王祖蓝
e34,周深
e35,苗圃
e36,沈梦辰
e37,琼瑶
e38,王翔弘
e39,赵子琪
e40,隋俊波
e41,尹志强
e42,蒋欣
e43,斯琴高丽
e44,王心凌
e45,赵薇
e46,奚辰华
e47,詹兆源
e48,黄子韬
e49,陈思诚
e50,裴唯莹
e51,朴恩惠
e52,莫天赐
e53,曹卫宇
e54,郭美美
e55,董洁
e56,陈乃荣
e57,刘亦菲
e58,黄忠东
e59,王学兵
e60,艾佳妮
e61,朱一龙
e62,范冰冰
e63,黄澄澄
e64,王励勤
e65,王亦凡
e66,Johannes
e67,陈立农
e68,陈义红
e69,容祖儿
e70,陈柏霖
e71,英达
e72,万绮雯
e73,车永莉
e74,冯德伦
e75,孙俪
e76,赖琳恩
e77,倪妮
e78,颜丙燕
e79,谭维维
e80,温拿乐队
e81,吴佩慈
e82,谭盾
e83,王东方
e84,马海生
e85,卢淑仪
e86,邓超
e87,李小冉
e88,郭品超
e89,周杰伦
e90,张家辉
e91,窦靖童
e92,曾一鸣
e93,安蕴淑
e94,李治廷
e95,徐熙娣
e96,王力宏
e97,李祥祥
e98,李晨
e99,张靓颖
e100,谢娜
e101,欧豪
e102,陈坤
e103,朱安禹
e104,田朴珺
e105,刘雨欣
e106,权相佑
e107,陈康堤
e108,张雨绮
e109,聂远
e110,关诗敏
e111,沈凌
e112,张伦硕
e113,王嘉莉
e114,姜尘
e115,熊乃瑾
e116,王志文
e117,郑希怡
e118,吴彦祖
e119,郑爽
e120,赵谨俨
e121,叶茂青
e122,莫小奇
e123,张钧甯
e124,萧煌奇
e125,羽泉
e126,黄家强
e127,苗德发
e128,宋雨琦
e129,苏志燮
e130,刘洋
e131,刘青云
e132,马里山
e133,黄子华
e134,李琦
e135,杜汶泽
e136,张学友
e137,英如镝
e138,杨丞琳
e139,巴图
e140,张震
e141,侯梦瑶
e142,黄征
e143,梁振伦
e144,严屹宽
e145,崔新琴
e146,阿雅
e147,徐熙媛
e148,彭健新
e149,陈升
e150,顶顶
e151,赵丽颖
e152,陈意涵
e153,英若诚
e154,王惠
e155,朴容夏
e156,张桂英
e157,刘畊宏
e158,伍思凯
e159,张传美
e160,李静
e161,谭江柏
e162,杨烁
e163,刘瑞琪
e164,张惠妹
e165,吴世良
e166,黄有龙
e167,张永刚
e168,章子怡
e169,吴樾
e170,张阳阳
e171,张栋梁
e172,关楚耀
e173,张博
e174,张译木
e175,王学圻
e176,郭晋安
e177,王菲
e178,汤唯
e179,周立璟
e180,范丞丞
e181,俞飞鸿
e182,梁静茹
e183,赵文卓
e184,王家卫
e185,张翰
e186,柳重言
e187,钟汉良
e188,杜江
e189,英茵
e190,霍汶希
e191,杜海涛
e192,姚元浩
e193,刘长德
e194,何琳
e195,康馥麟
e196,陈昱霖
e197,王铮亮
e198,蔡伟志
e199,岛田阳子
e200,刘心刚
e201,关喆
e202,李解
e203,孙茜
e204,Makiko
e205,田峻丞
e206,张杰
e207,大张伟
e208,魏坤琳
e209,王良
e210,张含韵
e211,林清介
e212,杨思维
e213,王全安
e214,高钧贤
e215,许晴
e216,瞿颖
e217,姜彭
e218,霍启山
e219,金贤珠
e220,夏磊
e221,张艺谋
e222,张建栋
e223,天心
e224,郭晶晶
e225,黄健翔
e226,陈建斌
e227,郑恺
e228,杨洋
e229,马思纯
e230,关咏荷
e231,陈宝国
e232,品冠
e233,张国立
e234,汤余铭
e235,王嘉耀
e236,李彩桦
e237,郑成华
e238,王嘉娜
e239,林秀晶
e240,常戎
e241,孟丹青
e242,王志飞
e243,朱咏婷
e244,赵丽娟
e245,郑如晴
e246,张馨予
e247,郑中基
e248,陈十三
e249,张芷溪
e250,刘烨
e251,陈羽凡
e252,修杰楷
e253,黄家驹
e254,纪丹迪
e255,陈凯歌
e256,梅艳芳
e257,郑俊河
e258,张作琪
e259,王学新
e260,覃美金
e261,迪丽热巴
e262,范荣康
e263,林楚麒
e264,林育群
e265,张惠春
e266,冯铭潮
e267,卢洪哲
e268,周赞文
e269,鹿晗
e270,田少军
e271,胡军
e272,张瑶萱
e273,蒋璐霞
e274,陈佳妍
e275,王力凯
e276,古天乐
e277,叶祖新
e278,邓涵一
e279,汤子嘉
e280,黄一琳
e281,周张弛
e282,妮基·卡罗
e283,丁子峻
e284,蓝正龙
e285,海清
e286,彭于晏
e287,安娜伊思·马田
e288,徐子菲
e289,耿乐
e290,柳真
e291,陶昕然
e292,赵会南
e293,贾乃亮
e294,何冰
e295,刘小慧
e296,吴越
e297,赵元同
e298,许玮伦
e299,王宝强
e300,周星驰
e301,低调组合
e302,汪则翰
e303,陈小艺
e304,是元介
e305,李承鹏
e306,何雁诗
e307,阚清子
e308,黄俊郎
e309,于娜
e310,孙悦
e311,谢宇书
e312,代旭
e313,张国荣
e314,薛之谦
e315,想想
e316,金珉锡
e317,周一围
e318,李光洁
e319,唐艺昕
e320,包小柏
e321,李少红
e322,吴奇隆
e323,柳云龙
e324,吴镇宇
e325,刘姝辰
e326,朱宏嘉
e327,赵硕之
e328,张瑶华
e329,何润东
e330,连奕名
e331,万茜
e332,张默
e333,毛若懿
e334,吴斐然
e335,卫诗
e336,王杨
e337,那英
e338,戴娇倩
e339,周放
e340,谢坤达
e341,陈匡怡
e342,范朵朵
e343,王兆民
e344,邵峰
e345,郑秀文
e346,龙一一
e347,林志颖
e348,李勤勤
e349,黄豆豆
e350,钟丽缇
e351,汪曼熙
e352,阎小乐
e353,柴碧云
e354,吴克群
e355,李丽丽
e356,张壹丁
e357,韩栋
e358,路金波
e359,苏有朋
e360,谢孟伟
e361,张绿萍
e362,张一鸾
e363,潘辰
e364,具俊晔
e365,孔琳
e366,朱雨辰
e367,张玉霞
e368,何时珍
e369,林乔
e370,高梓淇
e371,汪小菲
e372,海岩
e373,黄伊汶
e374,张墨锡
e375,宋轶
e376,温峥嵘
e377,张达明
e378,王喜
e379,董璇
e380,丁子高
e381,戴军
e382,胡雅斯
e383,井柏然
e384,蓝心妍
e385,孙艳
e386,吴青峰
e387,张悬
e388,佟丽娅
e389,张萌
e390,蔡妍
e391,郭麒麟
e392,王森
e393,跳跳俏俏
e394,江语晨
e395,朱敬然
e396,肖涵
e397,梁欢
e398,梁朝伟
e399,刘宇恩
e400,保剑锋
e401,裴秀彬
e402,罗文
e403,陈赫
e404,袁咏琳
e405,邹廷威
e406,贺炜
e407,倪萍
e408,高云翔
e409,刘宇芙
e410,杨玏
e411,邓紫棋
e412,李冰冰
e413,余男
e414,李泰
e415,周秀娜
e416,关智斌
e417,汤镇业
e418,川岛茉树代
e419,李美妍
e420,程晓玥
e421,朱梓骁
e422,文薇
e423,宋丹丹
e424,王文澜
e425,杜若溪
e426,戴思聪
e427,罗文姬
e428,汤君慈
e429,李媛
e430,李玟
e431,颖儿
e432,郑钧
e433,孙冕
e434,王仁君
e435,陈翔
e436,周英华
e437,汪峰
e438,宋茜
e439,潘粤明
e440,刘恺威
e441,舒淇
e442,马蓉
e443,陈嘉桦
e444,唐鹤德
e445,韩晓
e446,金武林
e447,李念
e448,beyond
e449,高晓松
e450,马荣成
e451,王婉霏
e452,谢安琪
e453,徐正溪
e454,虎子
e455,齐丹
e456,梁君诺
e457,牛萌萌
e458,高圆圆
e459,王梅
e460,陈雨昂
e461,炎亚纶
e462,陈婷
e463,玄彬
e464,张铁林
e465,陈祖昭
e466,吕颂贤
e467,文彩元
e468,张嘉译
e469,林保怡
e470,洪洙贤
e471,王耀庆
e472,张大大
e473,郑伊健
e474,钱哆多
e475,李进荣
e476,陆毅
e477,邱黎宽
e478,肖懿航
e479,蔡康永
e480,狄龙
e481,郭帆
e482,黄觉
e483,郑宇
e484,徐百慧
e485,齐襄
e486,贾玲
e487,撒贝宁
e488,孙瀚文
e489,姚橹
e490,乃姬
e491,杜沁怡
e492,张湘怡
e493,孟瑞
e494,叶茂菁
e495,李连杰
e496,李施嬅
e497,王晓男
e498,楼南蔚
e499,许智伟
e500,权禄熙
e501,雷佳音
e502,钱韦杉
e503,柯佳嬿
e504,濮存昕
e505,ROMEO
e506,蔡徐坤
e507,杨立新
e508,徐熙娴
e509,许亦妮
e510,乐易玲
e511,赵健
e512,王茜
e513,金韩燮
e514,焦仁和
e515,孙泰英
e516,郑凯
e517,夏梓桐
e518,苗苗
e519,李佳璇
e520,欢子
e521,王双宝
e522,梁学储
e523,刘娜萍
e524,宣萱
e525,阮兆祥
e526,朱泳腾
e527,池晟
e528,成龙
e529,利智
e530,杨文军
e531,胡海泉
e532,黄晓明
e533,蔡葆真
e534,曾黎
e535,廖碧儿
e536,蒋毅
e537,陈冰
e538,杨姣
e539,戚迹
e540,欧阳娜娜
e541,叶詹阿妹
e542,蔡升晏
e543,于谦
e544,歌浴森
e545,杨若兮
e546,林德雄
e547,张东健
e548,张子健
e549,裘丽琳
e550,刘雨潼
e551,伊能静
e552,马伊琍
e553,周华健
e554,白凯南
e555,卢中强
e556,陈法拉
e557,李威
e558,罗海琼
e559,朱军
e560,周迅
e561,张梓琳
e562,郭柯宇
e563,谢彬彬
e564,孙艺洲
e565,方文山
e566,王宇婕
e567,童蕾
e568,吴京
e569,赵奎娥
e570,杨雪
e571,姜昕言
e572,严铮
e573,黄海波
e574,朱晨辰
e575,文君竹
e576,江若琳
e577,金承佑
e578,秦子越
e579,苟伟
e580,柯佳青
e581,梁敏仪
e582,廉晶雅
e583,朴施厚
e584,富大龙
e585,刘迎
e586,黄磊
e587,谭佑铭
e588,张其超
e589,李玉刚
e590,傅艺伟
e591,安少康
e592,许凤藻
e593,杜德伟
e594,凌宝儿
e595,童飞
e596,周涛
e597,周幼婷
e598,刘昊然
e599,许巍
e600,刘若英
e601,陈国坤
e602,陈怡蓉
e603,张碧晨
e604,贾丹
e605,田雨
e606,孙颖
e607,高磊鑫
e608,包贝尔
e609,姚科
e610,涂惠源
e611,赵奕晨
e612,沙溢
e613,汤爱嘉
e614,张新
e615,黄阿原
e616,张佳宁
e617,朴树
e618,周知
e619,居来提·库提来
e620,林彦俊
e621,张恒
e622,刘碧丽
e623,李思捷
e624,李蓓蕾
e625,叶惠美
e626,冯巩
e627,李思思
e628,张若昀
e629,章婷婷
e630,郭汾瑒
e631,宋洋
e632,Hathaway
e633,郭京飞
e634,张嘉倪
e635,文瑾莹
e636,林秀君
e637,徐佳莹
e638,裔莎
e639,邢岷山
e640,韩彩英
e641,蔡健雅
e642,袁姗姗
e643,黎芷珊
e644,颜仟汶
e645,甘国亮
e646,王嘉诚
e647,孙燕姿
e648,张丹露
e649,孙楠
e650,黄明昊
e651,辛欣
e652,熊美玲
e653,李嘉格
e654,付瑞亭
e655,郭采洁
e656,夏筠妍
e657,袁泉
e658,白歆惠
e659,庾翰睿
e660,叶芳华
e661,赵照
e662,樊蕊
e663,袁天阳
e664,杨幂
e665,麦嘉轩
e666,房祖名
e667,张素霞
e668,余炳贤
e669,陈镇川
e670,周炜
e671,邵传勇
e672,孙艺珍
e673,刘婧
e674,王亚楠
e675,赵树海
e676,谢楠
e677,王博谷
e678,王力德
e679,范植伟
e680,陈梓童
e681,高蓓蓓
e682,赵建飞
e683,元德
e684,文梦洋
e685,余思敏
e686,张智霖
e687,吕良伟
e688,尊龙
e689,杜德智
e690,王浩燃
e691,陈启泰
e692,乔任梁
e693,汤君耀
e694,陈若仪
e695,顾冠忠
e696,蔡琳
e697,石班瑜
e698,陈伟成
e699,周晓鸥
e700,高小英
e701,吴楚
e702,王巧
e703,谢怀槿
e704,罗美薇
e705,贾云馨
e706,王珂
e707,蘑菇兄弟
e708,陈汉典
e709,李慧珠
e710,孙坚
e711,黄智贤
e712,叶全真
e713,柳岩
e714,周冬雨
e715,赖声川
e716,李洪涛
e717,于和伟
e718,李嘉欣
e719,苏志威
e720,林凯森
e721,郭令山
e722,申贤俊
e723,张亚东
e724,柴蔚
e725,王菁华
e726,林姵希
e727,王栎鑫
e728,赵阳
e729,姜鸿
e730,蔡一智
e731,杜天皓
e732,华晨宇
e733,胡小玲
e734,吴绮莉
e735,张壹男
e736,陈妍希
e737,林妙可
e738,李鸣宇
e739,刘振宇
e740,彭杨
e741,宋佳
e742,黄纪莹
e743,文静
e744,关礼杰
e745,梅德明
e746,吴颐人
e747,蓝又时
e748,严书琴
e749,陈豪
e750,奉太奎
e751,江琳琳
e752,黄嘉千
e753,邓丽君
e754,何国魂
e755,严昆
e756,吉杰
e757,杨紫琼
e758,何嘉文
e759,于承惠
e760,冯国璋
e761,邓文迪
e762,安雅萍
e763,赵子靓
e764,费麒
e765,邓长禧
e766,曹格
e767,黄艺馨
e768,刘一含
e769,卓义峰
e770,萧瑶
e771,金宣儿
e772,柏安妮
e773,尹卓林
e774,李成宇
e775,陈展鹏
e776,杨蓉
e777,胡冰卿
e778,朱志良
e779,濮祖荫
e780,冯清
e781,王思懿
e782,金圣圭
e783,吴彬
e784,何晟铭
e785,田馥甄
e786,何珈好
e787,张根硕
e788,张俪
e789,弦子
e790,曾宝仪
e791,崔子格
e792,李大齐
e793,林凤娇
e794,张子萱
e795,庞龙
e796,宋北杉
e797,包伟铭
e798,赵京南
e799,茜拉
e800,陶大宇
e801,尚涛
e802,高度
e803,陈梦
e804,徐纪周
e805,刘坤龙
e806,多亮
e807,吕超
e808,梦桐
e809,任泉
e810,郭碧婷
e811,蒋静
e812,张蕾
e813,高峰
e814,朴信惠
e815,方中信
e816,宣璐
e817,胡小环
e818,许建彤
e819,潘泰名
e820,张国强
e821,任家萱
e822,李素妍
e823,楚原
e824,徐钰涵
e825,姚笛
e826,邓健泓
e827,杨政
e828,车太铉
e829,Rhea
e830,吴速玲
e831,曾轶可
e832,刘家瑞
e833,朱思潭
e834,黄绮珊
e835,王莎莎
e836,乐裕民
e837,鲁士郎
e838,鄢颇
e839,邓丽芳
e840,周雯琼
e841,威尔·史密斯
e842,肖聪
e843,李燕
e844,梅启明
e845,张艺瀚
e846,蓉卓
e847,徐海乔
e848,王玥
e849,鲍蕾
e850,吕中
e851,光良
e852,刘小锋
e853,姜振宇
e854,杨明娜
e855,高苏尧
e856,张茜
e857,刘梓妍
e858,陈都灵
e859,路晨
e860,何杜娟
e861,徐坚
e862,殷旭
e863,陈岚
e864,朴善怜
e865,蔡国庆
e866,于小伟
e867,房仕德
e868,这么远那么近
e869,赵子惠
e870,朴孝信
e871,荒木丰久
e872,欧倩怡
e873,魏大勋
e874,陈加玲
e875,刘丹
e876,白小飞
e877,包文婧
e878,窦佳嫄
e879,牛莉
e880,周比利
e881,方力申
e882,刘蓓
e883,许富翔
e884,赵文浩
e885,朱时茂
e886,鲍莉
e887,何捷
e888,罗百吉
e889,孙大川
e890,李光智
e891,张梓轩
e892,鲍国安
e893,言承旭
e894,苏红
e895,金英敏
e896,比尔贾
e897,徐小明
e898,bigbrother
e899,万梓良
e900,潘蔚
e901,吴宗宪
e902,周显欣
e903,张宇
e904,林国斌
e905,陈祉希
e906,周文姬
e907,杨永聪
e908,李佳
e909,袁咏仪
e910,彭冠英
e911,林秋离
e912,曾国祥
e913,王挺
e914,蒋梦婕
e915,李孝利
e916,沈晓海
e917,翟煦飞
e918,韩孝周
e919,张克潜
e920,韩雪
e921,黄鹤
e922,刘紫鸣
e923,张然
e924,胡佳
e925,郑裕玲
e926,牛丽燕
e927,魏启颖
e928,邱泽
e929,严稚棱
e930,潘长江
e931,刘妍
e932,李婳
e933,林更新
e934,黄彦书
e935,刘涛
e936,吴千语
e937,黄贯中
e938,周信芳
e939,西尔维斯特·史泰龙
e940,李柄熹
e941,姚佳雯
e942,马敬涵
e943,林熙蕾
e944,潘玮柏
e945,文章
e946,宇珩
e947,管彤
e948,姜妍
e949,刘之冰
e950,黄秋生
e951,姜坤
e952,买超
e953,朱孝天
e954,包庭政
e955,曹艳
e956,范雨林
e957,兰晓龙
e958,蔡卓妍
e959,维罗·史密斯
e960,胡皓康
e961,徐松子
e962,周诗雅
e963,田孟原
e964,任重
e965,喻恩泰
e966,黄韦恩
e967,邵兵
e968,孙翎茜
e969,许茹芸
e970,马苏
e971,佟大为
e972,郝泽嘉
e973,陶虹
e974,欧阳夏丹
e975,孔钧
e976,李宗盛
e977,小初
e978,林雨申
e979,迪丽娜尔
e980,李玉
e981,卢芳
e982,约翰·马丁
e983,孟桐
e984,陈盛桐
e985,伯爵
e986,黄丽玲
e987,西斯廷·史泰龙
e988,王洋
e989,多莉·帕顿
e990,欧阳震华
e991,于朦胧
e992,古力娜扎
e993,Josh Anderson
e994,韩兰成
e995,权俞利
e996,金素妍
e997,迈克尔·贝
e998,郑容和
e999,陈淑兰
e1000,廖学秋
e1001,张艺兴
e1002,姜潮
e1003,张晞临
e1004,白雪
e1005,朱佳煜
e1006,李东健
e1007,张承中
e1008,鸿利
e1009,尹天照
e1010,蒋劲夫
e1011,罗震环
e1012,白成铉
e1013,姜敏赫
e1014,瑛子
e1015,王珞丹
e1016,郁可唯
e1017,方大同
e1018,小海绵
e1019,李曼筠
e1020,陈怀皑
e1021,刘思彤
e1022,车澈
e1023,高俊熙
e1024,陈善之
e1025,纪凌尘
e1026,释小龙
e1027,曾春年
e1028,吉祥
e1029,崔丽杰
e1030,夏星
e1031,黄慧颐
e1032,柯蓝
e1033,熊黛林
e1034,陈晓
e1035,杨亚
e1036,陈骁
e1037,刘咏尧
e1038,及莉
e1039,高洋
e1040,戴娆
e1041,李小璐
e1042,李雪
e1043,孔炯轸
e1044,吐洪江
e1045,马浚伟
e1046,陈慧珊
e1047,罗秀春
e1048,冠佑
e1049,金池
e1050,刘诗诗
e1051,王茗
e1052,海陆
e1053,刘威
e1054,蒋小涵
e1055,张敬轩
e1056,何莉莉
e1057,朱茵
e1058,君君
e1059,杨承熹
e1060,盛朗熙
e1061,范霞
e1062,雷濛
e1063,林若宁
e1064,尹恩惠
e1065,孙宁
e1066,代乐乐
e1067,潘时七
e1068,郑欣宜
e1069,俞白眉
e1070,汪东城
e1071,沈云门
e1072,姜昆
e1073,关正良
e1074,姜艺媛
e1075,麦景婷
e1076,孙志翔
e1077,姜华
e1078,朱青阳
e1079,莫海婧
e1080,李婉华
e1081,谈莉娜
e1082,马天宇
e1083,李安
e1084,赵泳鑫
e1085,金起范
e1086,姚晨
e1087,张继聪
e1088,林韦辰
e1089,陈伟霆
e1090,赖雅妍
e1091,张婧仪
e1092,党淏瀚
e1093,张赫
e1094,袁巴元
e1095,angelababy
e1096,范文芳
e1097,王妤娴
e1098,文谦
e1099,蒋依依
e1100,李伟菘
e1101,张檬
e1102,李健
e1103,胡彦斌
e1104,葛优
e1105,杨蕊
e1106,江珊
e1107,朱健钧
e1108,MIC男团
e1109,李伯恩
e1110,陈小春
e1111,包小松
e1112,金泰勇
e1113,徐子珊
e1114,陈泽宇
e1115,李偲菘
e1116,李雪健
e1117,张润贞
e1118,王敏奕
e1119,高乐男
e1120,夏凡
e1121,麦迪娜
e1122,孔维
e1123,张壹娇
e1124,蔡依林
e1125,郑丽媛
e1126,卓文萱
e1127,孙怡
e1128,池石镇
e1129,殷桃
e1130,赵显宰
e1131,程予希
e1132,钟楚红
e1133,孔贤珠
e1134,梁家辉
e1135,陈其钢
e1136,秦海璐
e1137,田子田
e1138,梁艺龄
e1139,窦唯
e1140,夏天
e1141,蔡芷纭
e1142,任贤齐
e1143,陈尊佑
e1144,英千里
e1145,赵从衍
e1146,陶辰宇
e1147,张玮
e1148,佘诗曼
e1149,马志翔
e1150,黄少祺
e1151,林晖
e1152,吴睿轩
e1153,穆婷婷
e1154,谭晓风
e1155,徐克
e1156,江铠同
e1157,Poy
e1158,于文文
e1159,叶迎春
e1160,马莉莉
e1161,檀健次
e1162,田蕊妮
e1163,简弘亦
e1164,陈百祥
e1165,潘启翀
e1166,李悦铭
e1167,余声
e1168,孙祖君
e1169,唐堂
e1170,张晓龙
e1171,刘益素
e1172,张涵予
e1173,张黎
e1174,侯祖辛
e1175,李肖逸
e1176,沈严
e1177,戴笑盈
e1178,韩雨芹
e1179,崔东旭
e1180,李幼斌
e1181,聂宁
e1182,李东学
e1183,张可颐
e1184,胡友林
e1185,侯佩岑
e1186,李国修
e1187,霍建华
e1188,章元孝
e1189,钮承泽
e1190,关颖
e1191,陈炳强
e1192,何晴
e1193,陈好
e1194,赵雷
e1195,徐若瑄
e1196,郑怡
e1197,王九胜
e1198,乐基儿
e1199,高亚男
e1200,欧萱
e1201,邓婕
e1202,刘思言
e1203,张靖
e1204,韩晶
e1205,郭道元
e1206,王黎雯
e1207,莫艳琳
e1208,咸素媛
e1209,王颖
e1210,俞灏明
e1211,闪嘉晨
e1212,寇占文
e1213,景甜
e1214,张一山
e1215,郑俊英
e1216,邓伟
e1217,李增瑞
e1218,梁博
e1219,蔡鹏飞
e1220,马星耀
e1221,周渝民
e1222,尤勇智
e1223,谭晶
e1224,崔栩维
e1225,郭可颂
e1226,王麟
e1227,元武
e1228,梅爱芳
e1229,黄舒骏
e1230,邓台生
e1231,谢容儿
e1232,李国毅
e1233,徐冲
e1234,王琪玮
e1235,黄志忠
e1236,潘芳芳
e1237,邱心志
e1238,summer
e1239,郑俊弘
e1240,刘惠宁
e1241,郑嘉颖
e1242,赵茜
e1243,张绍林
e1244,李苔蜜
e1245,李婷
e1246,南笙
e1247,张佑赫
e1248,袁和平
e1249,吴兵
e1250,隋雨蒙
e1251,毕福剑
e1252,孟海
e1253,郑楚怡
e1254,文智英
e1255,大左
e1256,董卿
e1257,王刚
e1258,李子雄
e1259,钟若涵
e1260,陈秀雯
e1261,邵子娇
e1262,吴廷烨
e1263,史蒂夫·奥斯汀
e1264,赵明爱
e1265,毕夏
e1266,张颂文
e1267,杨烨
e1268,齐溪
e1269,薛佳凝
e1270,李子恒
e1271,袁立
e1272,吴亦凡
e1273,沙俊良
e1274,陈乔恩
e1275,汤洛雯
e1276,李宜娟
e1277,徐冬梅
e1278,李建常
e1279,张琇雅
e1280,尔冬升
e1281,夏健强
e1282,姜艺声
e1283,撒世贵
e1284,巍子
e1285,王珈晴
e1286,李凤鸣
e1287,林子善
e1288,Dalton Lee
e1289,谭俊彦
e1290,刘德华
e1291,贾静雯
e1292,佟晨洁
e1293,温兆伦
e1294,杨雨辰
e1295,房仕胜
e1296,徐怀钰
e1297,方毓仁
e1298,吴军
e1299,姜珊
e1300,陆士嘉
e1301,斓曦
e1302,陈茵媺
e1303,张天爱
e1304,崔锡恩
e1305,章龄之
e1306,Lady Gaga
e1307,钟镇涛
e1308,陈米麒
e1309,张倬闻
e1310,周牧茵
e1311,黄沾
e1312,黄浩然
e1313,BY2
e1314,郭敬明
e1315,蔡旻纹
e1316,李金铭
e1317,薛雄枫
e1318,沈欢
e1319,李白
e1320,姜超
e1321,吴建豪
e1322,古巨基
e1323,赵露
e1324,高妙思
e1325,姜武
e1326,包锋
e1327,穆小勇
e1328,钟景辉
e1329,李昊瀚
e1330,香奈儿·辛普森
e1331,江一燕
e1332,陆川
e1333,杨志刚
e1334,贾鹏礼
e1335,陈道然
e1336,王京花
e1337,陈泽民
e1338,何奉天
e1339,李斯羽
e1340,蓝心湄
e1341,林珊珊
e1342,魏健隆
e1343,徐佳
e1344,郭威
e1345,泰勒·金尼
e1346,夏雨
e1347,安琥
e1348,蔡贞安
e1349,小米粒
e1350,林和平
e1351,李慧珍
e1352,冯小刚
e1353,王贤志
e1354,战菁一
e1355,陈俊生
e1356,刘品言
e1357,金玟岐
e1358,李永波
e1359,张汉忠
e1360,范世錡
e1361,宣云
e1362,郑秀晶
e1363,汪远
e1364,吴旻霈
e1365,高磊
e1366,付辛博
e1367,黄勇
e1368,岳跃
e1369,李尚允
e1370,爱戴
e1371,周家怡
e1372,赖斯翔
e1373,周海媚
e1374,胡鸿钧
e1375,王菀之
e1376,张雨剑
e1377,屠焱
e1378,李宇春
e1379,崔韩光
e1380,王伟忠
e1381,徐麒雯
e1382,南伏龙
e1383,李晖
e1384,刘孜
e1385,郑国锋
e1386,胡定欣
e1387,全智贤
e1388,曹阳
e1389,黎美娴
e1390,金南珠
e1391,梁太平
e1392,朱丹
e1393,张洪杰
e1394,吕晶晶
e1395,白敬亭
e1396,徐睿
e1397,邵美琪
e1398,旦增尼玛
e1399,毛俊杰
e1400,王中磊
e1401,叶崇仁
e1402,迟蓬
e1403,高晓江
e1404,缪婷茹
e1405,宋妍霏
e1406,黄尚伟
e1407,杨晓林
e1408,杨洛婷
e1409,吴承轩
e1410,刘竞
e1411,张民俊
e1412,金成焕
e1413,康作如
e1414,张恒远
e1415,郭靖宇
e1416,林青霞
e1417,欧阳龙
e1418,魏千翔
e1419,董又霖
e1420,赵楚纶
e1421,孙菲菲
e1422,刘松仁
e1423,金世佳
e1424,刘东浒
e1425,张柏芝
e1426,郑佳恩
e1427,小肉肉
e1428,张楚
e1429,于文凤
e1430,李行亮
e1431,贾珊
e1432,张信哲
e1433,陈坚红
e1434,周绍栋
e1435,周采茨
e1436,苏怡贤
e1437,徐艺洋
e1438,张歆艺
e1439,阿杜
e1440,郭正旭
e1441,常佩业
e1442,郭晓东
e1443,Natalie Germanotta
e1444,王子文
e1445,苏青
e1446,吴岱融
e1447,李依蔓
e1448,张活海
e1449,落落
e1450,谢东
e1451,李纯
e1452,周格泰
e1453,酒酒
e1454,黄曼
e1455,张云龙
e1456,查理兹·塞隆
e1457,刘江
e1458,何慕男
e1459,张孝全
e1460,马精武
e1461,陈敏之
e1462,濑户早妃
e1463,黄静洁
e1464,冯轲
e1465,池约翰
e1466,金姈爱
e1467,张定涵
e1468,林达光
e1469,王佳宁
e1470,蔡柱陈
e1471,佟含月
e1472,陈泽迅
e1473,谢霆锋
e1474,铁佛
e1475,窦颖
e1476,何明翰
e1477,谢馨仪
e1478,后弦
e1479,珍妮弗·弗拉文
e1480,宋仲基
e1481,优客李林
e1482,昆凌
e1483,黄境清
e1484,张粤
e1485,肖茵
e1486,施祖男
e1487,周韵
e1488,赵恩静
e1489,蒋勤勤
e1490,许绍洋
e1491,艾敬
e1492,CNBLUE
e1493,牛青峰
e1494,尔光
e1495,包可艾
e1496,张彻
e1497,草蜢
e1498,马丽
e1499,张蓝心
e1500,李焕英
e1501,杨雅筑
e1502,林允
e1503,暖暖
e1504,谢君豪
e1505,吴刚
e1506,刘雨鑫
e1507,林源
e1508,姜文
e1509,董子健
e1510,冯家遇
e1511,万思维
e1512,马跃
e1513,陈奕
e1514,曹达华
e1515,蒋宏杰
e1516,牟星
e1517,刘雅婷
e1518,郭真
e1519,许志安
e1520,黄柏钧
e1521,杨子姗
e1522,林依晨
e1523,洪卫
e1524,郑雪儿
e1525,明世彬
e1526,陈慧琳
e1527,秋瓷炫
e1528,吕方
e1529,李溪芮
e1530,杨颖
e1531,章小蕙
e1532,娄艺潇
e1533,姜欣雨
e1534,邵元
e1535,隋凯
e1536,撒贝娜
e1537,徐娇
e1538,左立
e1539,郎朗
e1540,张韶涵
e1541,田海蓉
e1542,吴雅婷
e1543,胡宇威
e1544,刘萌萌
e1545,习雪
e1546,周嘉玲
e1547,高庆一
e1548,Kyson
e1549,陈学冬
e1550,张煜枫
e1551,苏幼珍
e1552,徐帆
e1553,陈超
e1554,桂纶镁
e1555,高锦
e1556,黄莺
e1557,黎诺懿
e1558,李尚顺
e1559,汪希玥
e1560,侯高俊杰
e1561,金亨俊
e1562,刘波
e1563,姚乐怡
e1564,石凉
e1565,果靖霖
e1566,许绍雄
e1567,张译
e1568,周杰
e1569,吴谨言
e1570,贺聪
e1571,徐濠萦
e1572,潘阳
e1573,元彬
e1574,王天韵
e1575,王琳
e1576,翟天临
e1577,印小天
e1578,艾慧
e1579,汪铎
e1580,邱晔
e1581,丁春诚
e1582,张雨提
e1583,贾青
e1584,徐佳宁
e1585,王中军
e1586,孟非
e1587,边伯贤
e1588,粉菊花
e1589,赵式明
e1590,赵世光
e1591,陈红
e1592,黄祖儿
e1593,孙丹
e1594,李延亮
e1595,聂鑫
e1596,颜小健
e1597,金巧巧
e1598,毛泽少
e1599,赵本山
e1600,金炳旭
e1601,许雅钧
e1602,戴一瑜
e1603,刘田利
e1604,蔡就胜
e1605,吴建飞
e1606,温岚
e1607,朴帅眉
e1608,萨顶顶
e1609,郑元畅
e1610,黄新
e1611,白静
e1612,李铨
e1613,袁新
e1614,陈键锋
e1615,河智苑
e1616,高洙
e1617,应采儿
e1618,陈铭章
e1619,甄子丹
e1620,黄小琥
e1621,李思
e1622,李嫣
e1623,高皓正
e1624,陈伟栋
e1625,郑美香
e1626,杨南日
e1627,陈娟儿
e1628,李绮红
e1629,党昊
e1630,金泰希
e1631,李易峰
e1632,陈飞宇
e1633,兰雨霖
e1634,罗弘证
e1635,罗嘉良
e1636,柯震东
e1637,韩火火
e1638,严爵
e1639,张兰
e1640,曾少宗
e1641,奚望
e1642,李喜儿
e1643,廖名扬
e1644,罗仲谦
e1645,武元庆
e1646,王雷
e1647,欧阳菲菲
e1648,孙柏龄
e1649,陈道明
e1650,李沐晴
e1651,巫启贤
e1652,刘在石
e1653,陈志云
e1654,张卫健
e1655,霍政谚
e1656,王心慰
e1657,王海燕
e1658,温心
e1659,杜俊泽
e1660,姚星彤
e1661,孟茜
e1662,余文乐
e1663,潘长甬
e1664,麦子乐
e1665,张宇菲
e1666,裴勇俊
e1667,程振兴
e1668,刘畅
e1669,吴倩
e1670,韩庚
e1671,Jocelyn
e1672,黄韵玲
e1673,吴亚桥
e1674,王谦祥
e1675,王蓉
e1676,泰迪·罗宾
e1677,萧正楠
e1678,安又琪
e1679,计春华
e1680,阿穆隆
e1681,飞轮海
e1682,洪小铃
e1683,叶蓓
e1684,苏小龙
e1685,张燕峰
e1686,尚雯婕
e1687,李湘
e1688,金孝珍
e1689,吴恙
e1690,黄鸿升
e1691,郑少秋
e1692,吕佳容
e1693,姬晨牧
e1694,邢增婧
e1695,吴妍秀
e1696,焦晃
e1697,白百何
e1698,林瑞瑜
e1699,马可
e1700,钟小江
e1701,司空雷
e1702,唐嫣
e1703,何佩儿
e1704,梁汉文
e1705,周少麟
e1706,甄子菁
e1707,杨树林
e1708,范玮琪
e1709,黄轩
e1710,陈洁灵
e1711,邱淑贞
e1712,秦岚
e1713,金基石
e1714,夏桂影
e1715,张捷
e1716,李瑶敏
e1717,杨东煜
e1718,谷智鑫
e1719,刘明湘
e1720,林俊杰
e1721,任佳莺
e1722,林威
e1723,何洁
e1724,刘浩龙
e1725,戚薇
e1726,路云
e1727,柯耀宗
e1728,麦长青
e1729,杨童舒
e1730,郭政鸿
e1731,钟佐泓
e1732,叶准
e1733,罗维
e1734,莫何敏仪
e1735,扎西顿珠
e1736,陈德修
e1737,张小斐
e1738,韩在硕
e1739,关名扬
e1740,任帅
e1741,牟湘盈
e1742,狄波拉
e1743,黄伟麟
e1744,扬明
e1745,黎姿
e1746,巩俐
e1747,朱哲琴
e1748,陈月末
e1749,陈静仪
e1750,唐贝诗
e1751,朱家鼎
e1752,郑家纯
e1753,王晶
e1754,于湉
e1755,醒醒
e1756,邓萃雯
e1757,刘立淇
e1758,周慧敏
e1759,贾宏声
e1760,杨声铮
e1761,许晔
e1762,汤甄
e1763,陆剑民
e1764,张晓刚
e1765,高原
e1766,邬君梅
e1767,叶世荣
e1768,何念慈
e1769,谢天华
e1770,申世景
e1771,范涛
e1772,钟帼
e1773,李大为
e1774,安以轩
e1775,肖顺尧
e1776,王小福
e1777,徐梵溪
e1778,吴宇森
e1779,马宜中
e1780,刘欣
e1781,潘星谊
e1782,陈宝珠
e1783,文隽
e1784,张志铭
e1785,文佳煐
e1786,叶璇
e1787,师洋
e1788,张歆怡
e1789,梁又琳
e1790,黄玉郎
e1791,胡可
e1792,林正英
e1793,朴孝敏
e1794,何超仪
e1795,田家达
e1796,英若识
e1797,宋新妮
e1798,刘璇
e1799,塔斯肯
e1800,Angelababy
e1801,韦炜
e1802,钱枫
e1803,王艺璇
e1804,李川
e1805,孙骁骁
e1806,陈威翰
e1807,红孩
e1808,吴婷
e1809,叶玉卿
e1810,班嘉佳
e1811,孙耀琦
e1812,叶锦添
e1813,英敛之
e1814,李玥
e1815,张钧涵
e1816,立威廉
e1817,孟星亚
e1818,刘家昌
e1819,张秉钧
e1820,陶喆
e1821,金瀚
e1822,千玗嬉
e1823,陈天星
e1824,姚雨鑫
e1825,高希希
e1826,吴尊
e1827,吴启华
e1828,许曦文
e1829,阮经天
e1830,钟伟强
e1831,伍佰
e1832,张凯
e1833,颜丹晨
e1834,李东海
e1835,何泽胜
e1836,周采芹
e1837,张智成
e1838,非行
e1839,郭在容
e1840,恬妞
e1841,张远
e1842,张仃
e1843,陈语安
e1844,帕尔哈提·哈力克
e1845,李野萍
e1846,江疏影
e1847,石锦航
e1848,龚钰祺
e1849,金在中
e1850,慕容晓晓
e1851,蔡慧敏
e1852,刘冠希
e1853,李菲儿
e1854,贺镪
e1855,贺军翔
e1856,黄小柔
e1857,田雷
e1858,刘心
e1859,霍思燕
e1860,陆子艺
e1861,桑德琳·舍妮维
e1862,S.H.E
e1863,尕让邓真
e1864,张葳葳
e1865,朱正廷
e1866,笑林
e1867,王阳明
e1868,罗翊心
e1869,戴潆萱
e1870,冯小军
e1871,周佳纳
e1872,谢思宇
e1873,田震
e1874,杨登魁
e1875,刘霓娜
e1876,党浩予
e1877,李倩
e1878,金城武
e1879,刘维
e1880,马艳丽
e1881,闫学晶
e1882,金恩圣
e1883,魏晨
e1884,高枫
e1885,惠天赐
e1886,胡悦稼
e1887,唐国强
e1888,谭松韵
e1889,惠英红
e1890,李明启
e1891,顾长卫
e1892,徐程
e1893,刘诺一
e1894,许文楠
e1895,曾念平
e1896,李立宏
e1897,小小志
e1898,让伊夫·布朗杜
e1899,元华
e1900,单色凌
e1901,王钧赫
e1902,张韶轩
e1903,六哲
e1904,金南佶
e1905,刘玉婷
e1906,王艳
e1907,李文敏
e1908,栾树
e1909,姜素拉
e1910,梁咏琪
e1911,高秀敏
e1912,关之琳
e1913,俞承豪
e1914,许玮甯
e1915,郑浩南
e1916,杨曦
e1917,金载沅
e1918,热依扎
e1919,李炜
e1920,郭晓婷
e1921,金钟云
e1922,曲栅栅
e1923,贾一平
e1924,罗泳娴
e1925,曹寅
e1926,林峰
e1927,赵式和
e1928,黎铿
e1929,马洪刚
e1930,姜敏京
e1931,梅琼
e1932,元骏豪
e1933,牛群
e1934,崔俊赫
e1935,黄小蕾
e1936,张昊辰
e1937,林伟
e1938,关锦鹏
e1939,白宇
e1940,罗大佑
e1941,潇庸
e1942,郭书瑶
e1943,张慕童
e1944,davichi
e1945,朱芯仪
e1946,于荣光
e1947,陈菲
e1948,徐朵
e1949,李梦
e1950,艾米
e1951,邱永传
e1952,葛荟婕
e1953,严燕生
e1954,梅婷
e1955,郭广平
e1956,陈俊宇
e1957,郑柔美
e1958,池城
e1959,赵樱子
e1960,尚于博
e1961,孙雨
e1962,董勇
e1963,元斌
e1964,王柏杰
e1965,王天泽
e1966,张书伟
e1967,刘希媛
e1968,徐庆东
e1969,林志玲
e1970,周汤豪
e1971,王烁
e1972,朱兆祥
e1973,周觅
e1974,隋棠
e1975,肖华
e1976,罗杰承
e1977,张震岳
e1978,Danee
e1979,钟嘉欣
e1980,钱雁秋
e1981,付梦妮
e1982,刘迪妮
e1983,宋汶霏
e1984,小田切让
e1985,史俊威
e1986,Sugizo
e1987,陈康健
e1988,张哲瀚
e1989,黄渤
e1990,高虎
e1991,安建
e1992,叶丽仪
e1993,朱小妹
e1994,梁美京
e1995,王鸥
e1996,邓家佳
e1997,宗峰岩
e1998,马佳琳
e1999,王辉
e2000,Corrine
e2001,居文沛
e2002,邓伦
e2003,张子枫
e2004,汪汐潮
e2005,李锐
e2006,陈美心
e2007,王希维
e2008,AKIRA
e2009,张克群
e2010,安德尊
e2011,刘倩
e2012,黄光熙
e2013,林傲霏
e2014,张赫宣
e2015,步步
e2016,杨采妮
e2017,黄一一
e2018,傅娟
e2019,郭启华
e2020,官晶华
e2021,小室哲哉
e2022,孙亦沐
e2023,陈雨黎
e2024,克里斯蒂安·贝尔
e2025,伍宇娟
e2026,毛宁
e2027,唐诗咏
e2028,杨梅
e2029,陆雨萱
e2030,林迪安
e2031,快快
e2032,李陕勤
e2033,朱杰
e2034,张小燕
e2035,玉珠铉
e2036,崔恕
e2037,安志杰
e2038,江易珈
e2039,董成鹏
e2040,赵锦焘
e2041,咘咘
e2042,许名杰
e2043,范小宁
e2044,罗嘉慧
e2045,杨茜尧
e2046,李晓峰
e2047,赵海
e2048,金来沅
e2049,大哲
e2050,金厉旭
e2051,陈正飞
e2052,七宝
e2053,蔡君茹
e2054,赵晗
e2055,朱桢
e2056,钟淑慧
e2057,曹轩宾
e2058,唐以菲
e2059,侯磊
e2060,都敬秀
e2061,夏克立
e2062,安室奈美惠
e2063,五月天
e2064,胡洋
e2065,高以翔
e2066,王丽萍
e2067,胡月
e2068,陈勋奇
e2069,董玮
e2070,田娃
e2071,林忆莲
e2072,姚贝娜
e2073,于占元
e2074,陈秀丽
e2075,赵寅成
e2076,蔡宜达
e2077,尹仲勋
e2078,吴孟达
e2079,王阳
e2080,刘原龙
e2081,辉灿
e2082,陈瑶
e2083,吴姗儒
e2084,乔杉
e2085,孙辉
e2086,管虎
e2087,朴韩星
e2088,张榕容
e2089,郝平
e2090,张一一
e2091,孙志浩
e2092,黄凯芹
e2093,刘容嘉
e2094,曹三丰
e2095,金桢勋
e2096,林爽
e2097,胡文阁
e2098,陈泽杉
e2099,刘伟
e2100,汤镇宗
e2101,Lupo Groinig
e2102,林丽吟
e2103,仓田保昭
e2104,李晟敏
e2105,刘心悠
e2106,路嘉怡
e2107,陈玉莲
e2108,周云鹏
e2109,乔振宇
e2110,李崇霄
e2111,那辛
e2112,何勇
e2113,秦勇
e2114,刘思涵
e2115,黄小立
e2116,杨祐宁
e2117,何景扬
e2118,陈自瑶
e2119,徐源
e2120,郝劭文
e2121,吴雨霏
e2122,林振发
e2123,李美淑
e2124,郑承悦
e2125,姚卓君
e2126,王玥兮
e2127,查娜
e2128,傅洁娴
e2129,任时完
e2130,赵忠祥
e2131,马景涛
e2132,金秀贤
e2133,赫子铭
e2134,索非亚·罗丝
e2135,郑秀妍
e2136,韩东君
e2137,克里斯蒂安·卡林诺
e2138,曾剑
e2139,LYN
e2140,周秀兰
e2141,杨菲洋
e2142,李淳
e2143,林颖娴
e2144,肖显鹏
e2145,齐秦
e2146,孔炯珍
e2147,真理翰
e2148,哈文
e2149,韩智慧
e2150,赵炎
e2151,欧瑞伟
e2152,周丽淇
e2153,刘庆基
e2154,班杰
e2155,焦恩俊
e2156,侯珊燕
e2157,罗明珠
e2158,郭艳
e2159,朵朵
e2160,黎明
e2161,魏鹏
e2162,唐菀
e2163,何炅
e2164,陈睿飞
e2165,张力尹
e2166,林锴
e2167,何佳怡
e2168,白龙王
e2169,汪明荃
e2170,Sergio
e2171,刘逸云
e2172,马晓灿
e2173,黄龄
e2174,唐一菲
e2175,房道龙
e2176,沈丹萍
e2177,彭登怀
e2178,李宝英
e2179,皮皮
e2180,洪伟明
e2181,林俊贤
e2182,李钟硕
e2183,宋晓峰
e2184,李静民
e2185,住谷念美
e2186,石恒聪
e2187,Bo妞
e2188,胡歌
e2189,爱华
e2190,杨丽晓
e2191,石头
e2192,曾佩瑜
e2193,朱清杨
e2194,谭笑
e2195,唐禹哲
e2196,刘欢
e2197,杨元丁
e2198,林心如
e2199,高圣远
e2200,侯勇
e2201,高曙光
e2202,李宗翰
e2203,田亮
e2204,张继科
e2205,黄洋
e2206,兰天洋
e2207,侯牧人
e2208,吴昕
e2209,叶静
e2210,朱镇模
e2211,鲁诺
e2212,杨小娟
e2213,高斯
e2214,李沁
e2215,成宥利
e2216,王羽
e2217,陈孙华
e2218,郭蔼明
e2219,张卫彝
e2220,李靓蕾
e2221,蔡远航
e2222,吴磊
e2223,朱智勋
e2224,邓涵之
e2225,陈楚生
e2226,张宝雯
e2227,高榕
e2228,尼格买提·热合曼
e2229,刘安琪
e2230,楼南光
e2231,林姗姗
e2232,喻虹渊
e2233,李乐
e2234,周汶锜
e2235,任明廷
e2236,张芯瑜
e2237,叶蕴仪
e2238,蒙嘉慧
e2239,陈炜
e2240,秦俊杰
e2241,陈建州
e2242,萧亚轩
e2243,马廷强
e2244,袁冰妍
e2245,杜淳
e2246,何守正
e2247,黄浩义
e2248,京野琴美
e2249,英壮
e2250,刘銮雄
e2251,王大庆
e2252,官恩娜
e2253,英宁
e2254,黄沐尔
e2255,郭珍霓
e2256,姜次郎
e2257,王笛
e2258,张敏
e2259,冯远征
e2260,王一浩
e2261,河莉秀
e2262,张笑君
e2263,解惠清
e2264,王永会
e2265,何婉琪
e2266,姜丽文
e2267,张维
e2268,黄菡
e2269,翁虹
e2270,陈韵晴
e2271,宁桓宇
e2272,梁静
e2273,寇振海
e2274,苑琼丹
e2275,杨洁薇
e2276,林秀玲
e2277,宋承宪
e2278,汪妤凌
e2279,茹萍
e2280,王斑
e2281,梁洛施
e2282,李邹珺
e2283,赵予熙
e2284,张静初
e2285,朱千雪
e2286,赵海燕
e2287,何建泽
e2288,苏可
e2289,满文军
e2290,庾澄庆
e2291,任天野
e2292,洪真庆
e2293,陈庭威
e2294,于镜波
e2295,陈燃
e2296,田壮壮
e2297,三木刚
e2298,李准
e2299,杨建德
e2300,芦芳生
e2301,杜琪峰
e2302,岳秀清
e2303,魏绍林
e2304,杨铭威
e2305,汪雨
e2306,林永健
e2307,邓伊伶
e2308,纪灵灵
e2309,何赛飞
e2310,聂闻远
e2311,李云峰
e2312,徐良
e2313,王小宝
e2314,黄圣依
e2315,姚芊羽
e2316,李呈媛
e2317,孟真
e2318,王倩一
e2319,程媛媛
e2320,廖伟雄
e2321,王小山
e2322,蒋雅文
e2323,薛博仁
e2324,王紫嫣
e2325,王传一
e2326,朱媛媛
e2327,申东熙
e2328,贝安琪
e2329,章子男
e2330,毛舜筠
e2331,王晓蓉
e2332,妮琪·米娜
e2333,迈克尔·杰克逊
e2334,田翌臣
e2335,樊凡
e2336,张本渝
e2337,杰瑞米·雷纳
e2338,高明婷
e2339,卫兰
e2340,冼灏英
e2341,陈丹婷
e2342,纪晓波
e2343,谷建芬
e2344,买红妹
e2345,罗慧娟
e2346,朱锐
e2347,李嘉艾
e2348,孙红雷
e2349,李立群
e2350,胡静
e2351,苏湘涵
e2352,兰卡卓玛
e2353,周星霞
e2354,杨沛宜
e2355,关淑怡
e2356,李雨桐
e2357,王玉宁
e2358,温嘉蓉
e2359,范晓萱
e2360,金莎
e2361,张菲
e2362,吴秀波
e2363,郑灿
e2364,朱晏
e2365,王文博
e2366,陈晨
e2367,缪骞人
e2368,小贱
e2369,谭伊哲
e2370,许廷铿
e2371,吴景添
e2372,百变五侠
e2373,方伟
e2374,林宥嘉
e2375,李敏镐
e2376,马世心
e2377,王龙华
e2378,中浦悠花
e2379,马珂
e2380,蔡儒楷
e2381,田启文
e2382,叶志铭
e2383,饶威
e2384,房哲镛
e2385,筱素清
e2386,许之糯
e2387,聂心远
e2388,石咏莉
e2389,刘香萍
e2390,郝云
e2391,郑熙岳
e2392,王石
e2393,林詹森
e2394,刘喆平
e2395,王力可
e2396,李若彤
e2397,金贤重
e2398,吴竟
e2399,杨坤
e2400,孙嘉一
e2401,李易祥
e2402,杨淇
e2403,王健
e2404,欧弟
e2405,陈冠希
e2406,巩新亮
e2407,宋慧乔
e2408,艾维·尼沃
e2409,f(x)
e2410,李秀景
e2411,孟子焱
e2412,林超贤
e2413,宁静
e2414,董晴
e2415,曾沛慈
e2416,屠洪刚
e2417,金喜善
e2418,刘家泽
e2419,杨培安
e2420,老狼
e2421,张东雨
e2422,蒋大为
e2423,infinite
e2424,赵柯
e2425,王传君
e2426,宋伊人
e2427,姚谦
e2428,李维嘉
e2429,李亚鹏
e2430,奇道
e2431,冯开诚
e2432,周笔畅
e2433,蒋雯丽
e2434,Elroy
e2435,李栋旭
e2436,谭耀文
e2437,李佳颖
e2438,李准基
e2439,小太阳
e2440,保罗·克塞
e2441,韩青
e2442,元彪
e2443,郭富城
e2444,张博宇
e2445,黄小茂
e2446,曾伟昌
e2447,纪亚文
e2448,向佐
e2449,祖峰
e2450,宋世炫
e2451,朴山多拉
e2452,于晓光
e2453,程枫
e2454,陈雅丽
e2455,豆芽
e2456,毛晓彤
e2457,MC Hotdog
e2458,谭梅
e2459,谌容
e2460,胡世群
e2461,王岳伦
e2462,张光北
e2463,杨迪
e2464,陈玉珊
e2465,郭俊辰
e2466,戴蕴慧
e2467,潘茜
e2468,小柯
e2469,杨亚洲
e2470,关晓彤
e2471,杨姗姗
e2472,黄子佼
e2473,王克
e2474,宝儿
e2475,易扬
e2476,段奕宏
e2477,吕秀菱
e2478,盖丽丽
e2479,胡松华
e2480,莫可欣
e2481,胡兆明
e2482,胡亚捷
e2483,张末
e2484,徐静蕾
e2485,蔡天铎
e2486,甄济嘉
e2487,沙宝亮
e2488,吴费曼
e2489,孙浩
e2490,倪震
e2491,酷比
e2492,杨受成
e2493,林孝谦
e2494,史宏
e2495,狄杰
e2496,黄宗泽
e2497,李克龙
e2498,罗中旭
e2499,李斯丹妮
e2500,樊少皇
e2501,孟耿如
e2502,胜屿
e2503,陈朱煌
e2504,王怡仁
e2505,柯受良
e2506,阿部力
e2507,徐峥
e2508,金宇彬
e2509,乔鸿笙
e2510,金光灿
e2511,张卓楠
e2512,宁财神
e2513,尹磐石
e2514,李炯柱
e2515,朱铁
e2516,洪宗玄
e2517,陈怡婷
e2518,王琄
e2519,徐大树
e2520,金志文
e2521,鲁敏宇
e2522,夏文兰
e2523,王思平
e2524,徐佩瑜
e2525,张艾嘉
e2526,高晓莹
e2527,张伟平
e2528,邓长富
e2529,廖凡
e2530,东城卫
e2531,石悦安鑫
e2532,李茏怡
e2533,金素恩
e2534,刘天池
e2535,孙莉
e2536,薛凯琪
e2537,李荣浩
e2538,徐威
e2539,高兴
e2540,杨紫
e2541,邓桦敦
e2542,曹芙嘉
e2543,方美芳
e2544,斯琴高娃
e2545,陈曼媛
e2546,向佑
e2547,潘嘉德
e2548,高露
e2549,蔡轩正
e2550,雷颂德
e2551,梁美薇
e2552,T-ara
e2553,芮伟航
e2554,王建永
e2555,杰森·斯坦森
e2556,焦树藩
e2557,王灏儿
e2558,周焯华
e2559,戴志诚
e2560,崔迪
e2561,杜华
e2562,慕容湮儿
e2563,姜河那
e2564,张长青
e2565,施南生
e2566,马薇
e2567,白冰
e2568,哈利
e2569,赵又廷
e2570,陆瑶
e2571,鞠觉亮
e2572,路学长
e2573,连诗雅
e2574,克里斯·塔克
e2575,陈鲁豫
e2576,孙燕佳
e2577,银霞
e2578,许还幻
e2579,王洛勇
e2580,洪金宝
e2581,潘雨辰
e2582,董李无忧
e2583,李洙赫
e2584,吴智昊
e2585,柴智屏
e2586,陈向熙
e2587,甘婷婷
e2588,刘俐
e2589,王丽坤
e2590,邓枢
e2591,馨子
e2592,李泉
e2593,吴莫愁
e2594,舒畅
e2595,黄以娜
e2596,吴桂苓
e2597,李金羽
e2598,林晓峰
e2599,姚晓峰
e2600,竹庆本乐仁波切
e2601,王羽佳
e2602,刘智满
e2603,杨海润
e2604,陈可辛
e2605,戴维
e2606,邢佳栋
e2607,孙浩俊
e2608,邵小珊
e2609,傅彪
e2610,汤晶媚
e2611,铃木杏
e2612,刘子千
e2613,Kenneth Petty
e2614,陈辰
e2615,钟嘉湄
e2616,李若曦
e2617,汪小敏
e2618,张克澄
e2619,小酒窝
e2620,张可
e2621,赵玉芳
e2622,斑斑
e2623,肖剑
e2624,汪涵
e2625,吴岱凝
e2626,郑国霖
e2627,王宝宝
e2628,郭家铭
e2629,高雪
e2630,单立文
e2631,金玟锡
e2632,李亚男
e2633,姚政
e2634,费勇
e2635,三宝
e2636,小沈阳
e2637,姜昕
e2638,赵方
e2639,仲代达矢
e2640,黄妮娜
e2641,魏雪漫
e2642,明道
e2643,路帅
e2644,洪晃
e2645,丹波哲郎
e2646,杜宪
e2647,张培仁
e2648,程诚
e2649,李绍祥
e2650,赵玉吉
e2651,章宇昂
e2652,韦礼安
e2653,曾泳醍
e2654,林采缇
e2655,庹宗华
e2656,杨怡
e2657,史可
e2658,陈亮声
e2659,王子珊
e2660,滕华涛
e2661,金思恩
e2662,崔智友
e2663,冉旭
e2664,秦昊
e2665,曾启荣
e2666,戴玉强
e2667,李泰兰
e2668,郑俊浩
e2669,琼·艾伦
e2670,李濛
e2671,李智楠
e2672,叶青
e2673,郑恩地
e2674,Tan Chang
e2675,窦骁
e2676,罗志祥
e2677,赵欣瑜
e2678,黄子扬
e2679,张致恒
e2680,余俊逸
e2681,隋兰
e2682,李思江
e2683,孙兴
e2684,高景文
e2685,刘韬
e2686,冯幸耘
e2687,赵式平
e2688,刘梦珂
e2689,张嘉洵
e2690,钟家鸿
e2691,刘晓莉
e2692,刘嘉玲
e2693,张童
e2694,张翘
e2695,钟期光
e2696,朴艺珍
e2697,Lisa Selesner
e2698,刘家凯
e2699,张文露
e2700,汪希箖
e2701,VK克
e2702,尤小刚
e2703,朴河宣
e2704,王宣予
e2705,周耀中
e2706,小雪糕
e2707,丁志诚
e2708,姜栋元
e2709,高丽虹
e2710,佟吉生
e2711,李翊君
e2712,王睿卓
e2713,穆麒同
e2714,杨镜儒
e2715,max
e2716,李晓冰
e2717,郭宝贤
e2718,曹华恩
e2719,黄秋燕
e2720,黎耀祥
e2721,胡蝶
e2722,吴若希
e2723,范振球
e2724,张承阳
e2725,边潇潇
e2726,张雨生
e2727,潘迪生
e2728,李美琪
e2729,张娣
e2730,方媛
e2731,焦元溥
e2732,陈一娜
e2733,周三
e2734,欧阳妮妮
e2735,兰迪·杰克逊
e2736,许韶恩
e2737,戴梓伊
e2738,李光洙
e2739,元宝
e2740,句兆杰
e2741,李泽楷
e2742,杨丽菁
e2743,陈少琪
e2744,陈淑芬
e2745,李琼
e2746,押尾学
e2747,刘文正
e2748,袁弘
e2749,于蓝
e2750,赵文瑄
e2751,陈成文
e2752,田宸羽
e2753,迟帅
e2754,宋昌义
e2755,李相烨
e2756,葛存壮
e2757,河东勋
e2758,胡宝善
e2759,陶飞霏
e2760,关悦
e2761,李依晓
e2762,冯海岗
e2763,潘林生
e2764,海俊杰
e2765,吴君如
e2766,孟丽
e2767,黄小戈
e2768,陈桦
e2769,王卫国
e2770,车晓彤
e2771,范圣琦
e2772,王惠五
e2773,李维真
e2774,张佑天
e2775,王乔
e2776,朴恩斌
e2777,何超莲
e2778,蔡少芬
e2779,李洪基
e2780,武艺
e2781,胡中惠
e2782,热合曼·马木提
e2783,滨崎步
e2784,苏醒
e2785,黄定宇
e2786,金相庆
e2787,熊小玥
e2788,文晸赫
e2789,卢靖姗
e2790,吴云飞
e2791,ANAH
e2792,夏赛丽
e2793,Domingo
e2794,关学曾
e2795,陈信宏
e2796,倪诗蓓
e2797,小凌
e2798,周扬
e2799,安七炫
e2800,张健
e2801,王傲山
e2802,程翔
e2803,曹骏
e2804,Mark Ngai
e2805,刘璐
e2806,Simon D
e2807,巫咏欢
e2808,林依婷
e2809,姜一郎
e2810,回音哥
e2811,刘佳佳
e2812,李烈
e2813,周嘉诚
e2814,李俐
e2815,郑东汉
e2816,张文慈
e2817,林周焕
e2818,刘汉强
e2819,康子妮
e2820,郭冬冬
e2821,小七
e2822,卢克·卡尔
e2823,马丽娟
e2824,妮基·希尔顿
e2825,于小彤
e2826,单文柔
e2827,李恩珠
e2828,滕旋
e2829,范·迪塞尔
e2830,释道心
e2831,许婧
e2832,许世勋
e2833,窦鹏
e2834,李成钟
e2835,白种元
e2836,何傲芝
e2837,宝妹
e2838,闵孝琳
e2839,李馥莹
e2840,陈数
e2841,徐璐
e2842,许晋亨
e2843,黄翠如
e2844,吴函峮
e2845,杨帆
e2846,卢璐
e2847,高至霆
e2848,张云霞
e2849,王文杰
e2850,李诗颖
e2851,刘依洋
e2852,廖丙炎
e2853,曹永廉
e2854,金星
e2855,王楚函
e2856,郭冬临
e2857,季肖冰
e2858,刘媛媛
e2859,关慧卿
e2860,孙昌宁
e2861,金楷杰
e2862,傅子恩
e2863,金晨
e2864,朱卫茵
e2865,金明洙
e2866,马葭
e2867,傅小健
e2868,王红梅
e2869,方数真
e2870,方志友
e2871,丽莎·玛丽·普雷斯利
e2872,爱新觉罗·启笛
e2873,曲高位
e2874,余安安
e2875,辰亦儒
e2876,小虎队
e2877,王宏恩
e2878,张钰琪
e2879,姜斗
e2880,管宗祥
e2881,杨晓京
e2882,胡明
e2883,黄乃扬
e2884,谢宁
e2885,戴春荣
e2886,张曼玉
e2887,周天娜
e2888,周韦彤
e2889,吴佳尼
e2890,徐小宝
e2891,李响
e2892,欧阳靖
e2893,夏于乔
e2894,赵伦熙
e2895,欧阳娣娣
e2896,沈俊成
e2897,思漩
e2898,陈龙
e2899,王子豪
e2900,杨树鹏
e2901,曾华倩
e2902,秦沛
e2903,宁浩
e2904,潘志伟
e2905,张学润
e2906,胡凯莉
e2907,甘薇
e2908,童苡萱
e2909,费翔
e2910,陈彦妃
e2911,吴亚馨
e2912,藤井美菜
e2913,杨晓丹
e2914,倪明
e2915,王靖云
e2916,蒋承缙
e2917,安钧璨
e2918,刘小光
e2919,刘宇姗
e2920,杨玉梅
e2921,崔始源
e2922,解晓东
e2923,李雨儿
e2924,陈明阳
e2925,罗钢
e2926,赵霁
e2927,陈嘉新
e2928,方晓虹
e2929,史兰芽
e2930,胡杏儿
e2931,黄日华
e2932,王雨
e2933,九把刀
e2934,崔真实
e2935,葛淑珍
e2936,张娜拉
e2937,金济东
e2938,斯图尔特·汤森德
e2939,王行芝
e2940,郑佩佩
e2941,王棠云
e2942,梁小龙
e2943,张鑫炎
e2944,贝镇坤
e2945,郭雪芙
e2946,戴辛尉
e2947,尼古拉斯·凯奇
e2948,郑咏恩
e2949,麦宝婵
e2950,黄威尔
e2951,焦俊艳
e2952,朴海镇
e2953,李琳
e2954,韩志旼
e2955,刘程
e2956,吴贤庆
e2957,曾庆瑜
e2958,黄和祥
e2959,张子晨
e2960,崔盛希
e2961,梅西安
e2962,柳仁英
e2963,筱原凉子
e2964,Tony
e2965,金钟国
e2966,元奎
e2967,李咏
e2968,周安琴
e2969,叶凯茵
e2970,凯瑟琳·杰克逊
e2971,李正春
e2972,罗家英
e2973,徐洁儿
e2974,吴卓羲
e2975,姜大卫
e2976,吴慷仁
e2977,陈立冷
e2978,黄尹宣
e2979,常进
e2980,侯文咏
e2981,盛一伦
e2982,赵婷
e2983,吴景进
e2984,朴世荣
e2985,孟小蓓
e2986,涂经纬
e2987,林书宇
e2988,贾文田
e2989,陶敏明
e2990,王今铎
e2991,张冰茜
e2992,权宁一
e2993,平安
e2994,徐子健
e2995,BoBo
e2996,张静
e2997,王强
e2998,吴慈美
e2999,朴贞雅
e3000,李波儿
e3001,曾晓斌
e3002,张亮
e3003,李惠敏
e3004,李沛旭
e3005,高茹
e3006,李涵
e3007,利特
e3008,金正贤
e3009,纳森乌日塔
e3010,赵一楠
e3011,唐杰忠
e3012,林家栋
e3013,小西瓜
e3014,毛加恩
e3015,郭明黎
e3016,何昊
e3017,李廷镇
e3018,贾登·史密斯
e3019,沈浩
e3020,林浩贤
e3021,玉泽演
e3022,南优铉
e3023,千正明
e3024,蒋春来
e3025,崔东俊
e3026,张加丽
e3027,邓莎
e3028,廖尧城
e3029,钱芳
e3030,刘筱筱
e3031,马佳琪
e3032,杨宇
e3033,李民基
e3034,徐粲金
e3035,伊一
e3036,小糯米
e3037,黄嘉琪
e3038,邢星
e3039,吴映洁
e3040,吴卓翰
e3041,周扬青
e3042,许崇智
e3043,全敏书
e3044,杨澜
e3045,SpeXial
e3046,严禹豪
e3047,郭德纲
e3048,关心妍
e3049,张泽群
e3050,骆炫铭
e3051,玛丽亚·凯克
e3052,伍咏薇
e3053,刘桦
e3054,万妮恩
e3055,程野
e3056,胡世宗
e3057,苟芸慧
e3058,翁美玲
e3059,朱墨
e3060,陈奂仁
e3061,翁倩玉
e3062,许鞍华
e3063,李钰
e3064,吴卓林
e3065,萧笙
e3066,柯家洋
e3067,秦丽
e3068,A Pink
e3069,许冠英
e3070,陈国邦
e3071,刘金
e3072,原子鏸
e3073,Sofia
e3074,吴志雄
e3075,杨千霈
e3076,王新军
e3077,储智博
e3078,邱宗志
e3079,郭静
e3080,金裕贞
e3081,刘忻
e3082,冯邵一
e3083,韩雷
e3084,丁一宇
e3085,谢振南
e3086,艾伦·巴金
e3087,林允儿
e3088,赵一涵
e3089,岑黎阑
e3090,袁雪儿
e3091,哈里斯
e3092,莫凡
e3093,靳东
e3094,孙玮
e3095,袁洁莹
e3096,李曼
e3097,李正信
e3098,陈秀中
e3099,大山
e3100,王劲松
e3101,尹博林
e3102,阿斯茹
e3103,罗茜·汉丁顿-惠特莉
e3104,庹宗康
e3105,内山麿我
e3106,潘志文
e3107,郑允浩
e3108,曲赤
e3109,许杰辉
e3110,张子嫣
e3111,甘礼娜
e3112,方琼
e3113,林于超
e3114,杨智媛
e3115,周禹侯
e3116,阿朵
e3117,铃木亚美
e3118,王泷正
e3119,陆汉洋
e3120,符涛
e3121,余德琳
e3122,张鹤伦
e3123,张柏嘉
e3124,司马诺
e3125,Free 9
e3126,潘淑钦
e3127,王子京
e3128,王煜
e3129,陈焕昌
e3130,马境
e3131,张晓谦
e3132,金所泫
e3133,郭晓峰
e3134,王靖雄
e3135,张露
e3136,尹启相
e3137,季芹
e3138,张叔平
e3139,车婉婉
e3140,陈希郡
e3141,郎永淳
e3142,许嵩
e3143,李惠利
e3144,刘德凯
e3145,万千惠
e3146,马季
e3147,宋一坤
e3148,Ian
e3149,贾达·萍克特·史密斯
e3150,丁文琪
e3151,夏春秋
e3152,宗帅
e3153,曹晓雯
e3154,秦子涵
e3155,黄子珈
e3156,温升豪
e3157,丁小平
e3158,廖静秋
e3159,杨子
e3160,周贵元
e3161,车胜元
e3162,张晶
e3163,金秀珍
e3164,朴周永
e3165,林涵
e3166,黄忆慈
e3167,黄宏
e3168,何曼婷
e3169,白举纲
e3170,潘世亨
e3171,孔刘
e3172,杨紫彤
e3173,于波
e3174,赵冉
e3175,杨圣文
e3176,少女时代
e3177,尹晶喜
e3178,朴诗妍
e3179,王沺裁
e3180,王纯
e3181,苏登扎木苏
e3182,麒麟baby
e3183,沈腾
e3184,何畏
e3185,李亚伟
e3186,王子睿
e3187,佟梦实
e3188,吴楚妮
e3189,赵若汐
e3190,Chant
e3191,魔幻力量
e3192,秦祥林
e3193,赵英俊
e3194,邓丽欣
e3195,王驹
e3196,吴永恩
e3197,曹颖
e3198,红薇
e3199,韩寒
e3200,金钟铉
e3201,涂圣成
e3202,马国明
e3203,叶秀玲
e3204,刘同
e3205,张彬彬
e3206,吴敦
e3207,陈礼雪
e3208,娜塔丽·马丁内兹
e3209,丁当
e3210,郭婕祈
e3211,张曼茹
e3212,刘金龙
e3213,甄珍
e3214,TAEYANG
e3215,张嘉益
e3216,李哈妮
e3217,关小平
e3218,朴敏英
e3219,潘之琳
e3220,孙燕美
e3221,刘亚仁
e3222,卢金聪
e3223,星弟
e3224,金成玲
e3225,张志宽
e3226,李奕霖
e3227,朴娜莱
e3228,史林子
e3229,罗天宇
e3230,喻可欣
e3231,神野美伽
e3232,李霞
e3233,金泰妍
e3234,张怀秋
e3235,王薇
e3236,阿桑
e3237,常宝丰
e3238,伊恩·麦柯肖恩
e3239,吴允儿
e3240,麦莉莉
e3241,威廉·菲德内尔
e3242,孙志昌
e3243,马世嫒
e3244,马思恒
e3245,小李琳
e3246,陈木胜
e3247,释永信
e3248,巫奇
e3249,陈娜
e3250,郭孔丞
e3251,陈紫函
e3252,佟瑞欣
e3253,霍尊
e3254,陈昭荣
e3255,姜柔伊
e3256,lucky
e3257,本兮
e3258,韦琪
e3259,郭达
e3260,程愫
e3261,钟发
e3262,陶红
e3263,马广源
e3264,沈日
e3265,许秋怡
e3266,孙淡妃
e3267,李毓芬
e3268,辛雨锡
e3269,朝洛蒙
e3270,道恩·强森
e3271,王策
e3272,刘宪华
e3273,陈明憙
e3274,何音
e3275,曺圭贤
e3276,克里斯·帕拉特
e3277,石筱群
e3278,黄景瑜
e3279,姜海军
e3280,刘冠廷
e3281,金丽华
e3282,王泓钦
e3283,朴灿烈
e3284,迪克牛仔
e3285,李厚霖
e3286,刘伟强
e3287,周惠林
e3288,丛珊
e3289,朴春
e3290,吴浩康
e3291,曹承佑
e3292,刘又年
e3293,朱逢博
e3294,李依玲
e3295,陈廷嘉
e3296,殷文硕
e3297,沙俊伯
e3298,李沫颔
e3299,尹施允
e3300,周家蔚
e3301,刘亚津
e3302,良鸣
e3303,凌听
e3304,金敏贞
e3305,王小利
e3306,左小青
e3307,金美淑
e3308,林炳存
e3309,李洁莹
e3310,李知勋
e3311,朱永棠
e3312,田方
e3313,叶倩文
e3314,谢佳
e3315,刘芳菲
e3316,王美华
e3317,郭应泉
e3318,丁广泉
e3319,王金龙
e3320,温子仁
e3321,宋学祺
e3322,伍允龙
e3323,郭秋林
e3324,周泓
e3325,车晓
e3326,聂磊
e3327,李滨
e3328,G-DRAGON
e3329,严化
e3330,曾国猷
e3331,林子祥
e3332,刘静怡
e3333,何天宇
e3334,李沇熹
e3335,李安卓
e3336,侯梦莎
e3337,林德信
e3338,赵立新
e3339,蓝琼缨
e3340,陈秋霞
e3341,杨卓娜
e3342,韩宜邦
e3343,帕夏古丽·都鲁坤
e3344,仇晓
e3345,汤晶晶
e3346,尹均相
e3347,秋微
e3348,刘美含
e3349,李贤宇
e3350,林海峰
e3351,金荷娜
e3352,刘晓洁
e3353,方安娜
e3354,赵学而
e3355,修睿
e3356,章鸿春
e3357,海雷
e3358,白荟
e3359,赵丹
e3360,朱慧珊
e3361,纳迪姆
e3362,林越
e3363,张嘉佳
e3364,贾盛强
e3365,魏如昀
e3366,安德鲁·劳埃德·韦伯
e3367,房鹤迪
e3368,袁伟豪
e3369,梁安娜
e3370,夏光莉
e3371,林秀香
e3372,饶敏莉
e3373,李茂
e3374,于莉
e3375,成泰燊
e3376,林华国
e3377,曼纽尔·舒尔茨
e3378,陈雨薇
e3379,宋妍
e3380,谢兰
e3381,杨宗纬
e3382,翟星月
e3383,陈一言
e3384,何咏芳
e3385,长泽雅美
e3386,祝锵博
e3387,梁丹妮
e3388,肖雨雨
e3389,陈雅伦
e3390,萧慧文
e3391,刘一丝
e3392,陈建平
e3393,姬麒麟
e3394,萧敬腾
e3395,董华
e3396,闫妮
e3397,村上刚基
e3398,李宗泫
e3399,赵敏基
e3400,吕行
e3401,肖旭
e3402,裴秀智
e3403,陈冠蒲
e3404,谭凯欣
e3405,金喜爱
e3406,沈殿霞
e3407,Cindy
e3408,曹方
e3409,陈铜民
e3410,刁磊
e3411,吴天瑜
e3412,蒲巴甲
e3413,上山诗钠
e3414,刘爽
e3415,邓玉华
e3416,李玲玉
e3417,胡夏
e3418,梁小熊
e3419,崔珉豪
e3420,钟懿
e3421,苑子文
e3422,白玉
e3423,季小军
e3424,苏慧伦
e3425,梁晶晶
e3426,姚子羚
e3427,贾晓晨
e3428,钟嘉晴
e3429,朱丽倩
e3430,林舒语
e3431,柳好贞
e3432,金范
e3433,孙小飞
e3434,孟盛楠
e3435,韩秀妍
e3436,于冬
e3437,孟瑶
e3438,齐奎
e3439,李蕴
e3440,丛浩楠
e3441,李杨思庄
e3442,郭涛
e3443,张燊悦
e3444,韩仁均
e3445,高宇桥
e3446,陈莹
e3447,斯嘉丽·罗丝
e3448,姜依兰
e3449,李政宰
e3450,韩雯雯
e3451,关晓丹
e3452,高明娥
e3453,黄甘霖
e3454,金材昱
e3455,胡维纳
e3456,蔡一杰
e3457,黄宥明
e3458,韩磊
e3459,张小伟
e3460,魏骏杰
e3461,何震亚
e3462,储小蕾
e3463,贾小七
e3464,邱韶智
e3465,董晓燕
e3466,买宝瑶
e3467,姜惠贞
e3468,羊梅子
e3469,祝向阳
e3470,成奎安
e3471,王媛可
e3472,左宏元
e3473,马清伟
e3474,金小鱼
e3475,洪文安
e3476,陈泰铭
e3477,庄奴
e3478,周礼虎
e3479,陈同山
e3480,汤潮
e3481,李成宰
e3482,潘恒章
e3483,刘惜君
e3484,曾国城
e3485,陈凯琳
e3486,周圆圆
e3487,深田恭子
e3488,金秀路
e3489,陈思斯
e3490,林明弘
e3491,宋恩伊
e3492,崔鹏科
e3493,宋林静
e3494,吴惠贞
e3495,林子闳
e3496,赵达焕
e3497,侯冠男
e3498,郑智薰
e3499,汤宗霖
e3500,邵子恒
e3501,李艾
e3502,李小婉
e3503,刘升
e3504,金孝渊
e3505,张培
e3506,李好
e3507,吴紫彤
e3508,崔宇革
e3509,赵可
e3510,其其格
e3511,张嘉欣
e3512,柯有伦
e3513,张徐宁
e3514,钱月笙
e3515,彭宇
e3516,温尚翊
e3517,陈靖允
e3518,黄品源
e3519,任容萱
e3520,阿佳组合
e3521,高子淇
e3522,余少群
e3523,徐扬
e3524,金亨熙
e3525,郎国任
e3526,崔雪莉
e3527,李丹宁
e3528,刘晓庆
e3529,金康宇
e3530,宋小宝
e3531,王志才
e3532,弗朗西斯·福特·科波拉
e3533,黄德斌
e3534,江宏恩
e3535,张炬
e3536,刘玉翠
e3537,赵达
e3538,谢振轩
e3539,陈睦辰
e3540,具惠善
e3541,罗惠美
e3542,科林·法瑞尔
e3543,金希澈
e3544,霍建元
e3545,王龙
e3546,younha
e3547,江耀城
e3548,范姜
e3549,费伟妮
e3550,谢依霖
e3551,奚梦瑶
e3552,爱新觉罗·媚
e3553,倪匡
e3554,蒋依杉
e3555,焦曼婷
e3556,陈胤捷
e3557,杜宇麒
e3558,李知恩
e3559,蔡淑臻
e3560,李秀满
e3561,刘向蕙
e3562,刘谦
e3563,孔令辉
e3564,李帝勋
e3565,安宰贤
e3566,周磊
e3567,张咏棋
e3568,张伟欣
e3569,林繁男
e3570,李昇基
e3571,高斗心
e3572,郑亨敦
e3573,d.d
e3574,李岗
e3575,张耀扬
e3576,文雨非
e3577,吴大维
e3578,陈珊妮
e3579,霍晓红
e3580,阿牛
e3581,周传雄
e3582,周润发
e3583,张小光
e3584,戴安娜·罗斯
e3585,dream girls
e3586,李明世
e3587,邢嘉倩
e3588,杜旭东
e3589,刘腾远
e3590,黑楠
e3591,关凌
e3592,唐嘉麟
e3593,林韦君
e3594,郭凌霞
e3595,游乃海
e3596,蔡振华
e3597,王雅捷
e3598,邢爱林
e3599,谢焜彝
e3600,王文也
e3601,刘美君
e3602,谢润
e3603,李承铉
e3604,刘少君
e3605,郑糠云
e3606,陈是知
e3607,李子峰
e3608,周璞
e3609,陈淑桦
e3610,陈嘉上
e3611,洪恩熙
e3612,李莎旻子
e3613,张明明
e3614,梁竞徽
e3615,张雪迎
e3616,吴正元
e3617,王天林
e3618,马丁·斯科塞斯
e3619,崔栽诚
e3620,钟廷森
e3621,梁文音
e3622,丫蛋
e3623,王智慧
e3624,杨恭如
e3625,刘猛
e3626,易桀齐
e3627,咸恩静
e3628,文颂娴
e3629,李菁
e3630,沈柏淳
e3631,罗紫琳
e3632,谢韶光
e3633,蒋家旻
e3634,王琦
e3635,式场壮吉
e3636,尹正
e3637,吕金凤
e3638,崔俊浩
e3639,郭晓敏
e3640,秦汉
e3641,金钟仁
e3642,陈超武
e3643,朱永龙
e3644,沈涛
e3645,徐昂
e3646,何沐阳
e3647,郑晓宁
e3648,贾斯汀·比伯
e3649,甄济如
e3650,新花儿乐队
e3651,宇多田光
e3652,景岗山
e3653,吴熙儿
e3654,戈伟如
e3655,李奕宏
e3656,香蜜拉
e3657,夏天Alex
e3658,金润吉
e3659,许少瑜
e3660,郭羡妮
e3661,刘威葳
e3662,关少曾
e3663,李苒苒
e3664,王晓天
e3665,韩曙
e3666,张辛苑
e3667,徐靖雯
e3668,郑皓原
e3669,齐恩
e3670,林伟健
e3671,阿悄
e3672,曹炳琨
e3673,朴敏荷
e3674,周野芒
e3675,张晨光
e3676,小菠萝
e3677,尼查坤·抔勒威查固
e3678,王元也
e3679,乔洋
e3680,李艺真
e3681,简沛恩
e3682,陆天明
e3683,密春雷
e3684,mblaq
e3685,邹兆龙
e3686,甄妮
e3687,石天欣
e3688,苏小轩
e3689,徐沛东
e3690,林雅诗
e3691,姜熙健
e3692,王子涵
e3693,朱桦
e3694,法提麦·雅琦
e3695,龙俊亨
e3696,黄雅莉
e3697,谢贤
e3698,庄凯勋
e3699,朱虎声
e3700,任柯诺
e3701,徐仁英
e3702,丁海峰
e3703,蔡艺侬
e3704,菅纫姿
e3705,蒋林静
e3706,紫檀
e3707,阿蜜丝女孩
e3708,赵庭
e3709,曹俊
e3710,潘玮楷
e3711,于玮
e3712,刘卓辉
e3713,吕薇
e3714,罗莽
e3715,郑亦桐
e3716,曹敏儿
e3717,臧金生
e3718,石磊
e3719,黎婴
e3720,黎宣
e3721,龙梅子
e3722,林国雄
e3723,冷中易
e3724,李真
e3725,王丹妮
e3726,孔云龙
e3727,山下智久
e3728,全孝盛
e3729,吕一
e3730,孙国豪
e3731,廖智
e3732,崔建邦
e3733,文玄雅
e3734,夏沫侨
e3735,温流
e3736,张馨月
e3737,范逸臣
e3738,邹世龙
e3739,莫少聪
e3740,张信儿
e3741,吕旻蓁
e3742,陈文媛
e3743,唐志中
e3744,林晓培
e3745,朱以为
e3746,苗侨伟
e3747,江欣燕
e3748,小蛋饺
e3749,杨晨
e3750,杨永晴
e3751,莫西子诗
e3752,姜皓文
e3753,黄柏高
e3754,金晶和
e3755,王美怡
e3756,周毅
e3757,王祖贤
e3758,李尔·韦恩
e3759,汪琳
e3760,陈冠霖
e3761,温美玲
e3762,陈睿翔
e3763,吴碧霞
e3764,张庭緁
e3765,张菁芳
e3766,妮可拉·佩尔茨
e3767,理查德·克里纳
e3768,柳小海
e3769,黎峰睿
e3770,严基俊
e3771,彭昱畅
e3772,郭少芸
e3773,钟欣潼
e3774,凌照华
e3775,韩在丽
e3776,河锡辰
e3777,伍卫国
e3778,陈创
e3779,孙乐
e3780,黄海冰
e3781,EXO
e3782,钱嘉乐
e3783,周采诗
e3784,辉星
e3785,小欧
e3786,刘芸杉
e3787,孙耀威
e3788,李丹阳
e3789,葛林
e3790,何琢言
e3791,张丰毅
e3792,尹治
e3793,龙应台
e3794,梁冠华
e3795,全度妍
e3796,张乾文
e3797,朴振荣
e3798,高隽雅
e3799,邹涵虹
e3800,殷思琦
e3801,汪正正
e3802,邢言爱
e3803,赵屏国
e3804,董志华
e3805,水原希子
e3806,河周妍
e3807,麦琳
e3808,吕夏
e3809,黄宝玲
e3810,邢李原
e3811,涩谷天马
e3812,张予曦
e3813,金敏喜
e3814,郝洛钒
e3815,高权健
e3816,李达安
e3817,萧蔷
e3818,孙涵
e3819,古力加那提
e3820,邓伟标
e3821,许文赫
e3822,初俊辰
e3823,高晓攀
e3824,金文声
e3825,蒙克·巴特尔
e3826,王仁甫
e3827,王滢
e3828,黄枫
e3829,朴智妍
e3830,江映蓉
e3831,崔秀英
e3832,叶琳琳
e3833,蒋蕙筠
e3834,颜卓灵
e3835,蔡俊涛
e3836,林千钰
e3837,刘仕裕
e3838,单薇
e3839,洪剑涛
e3840,姜丹尼尔
e3841,赵云侠
e3842,林佑星
e3843,金兴秀
e3844,唐天际
e3845,许环良
e3846,黄莉
e3847,陈孝萱
e3848,高亚麟
e3849,龚俊
e3850,周俊伟
e3851,崔成俊
e3852,龚蓓苾
e3853,张雅萌
e3854,刘忠良
e3855,林建岳
e3856,李梦男
e3857,李国麟
e3858,陈国富
e3859,韩贤光
e3860,刘小幻
e3861,简美妍
e3862,李天熙
e3863,闵惠妍
e3864,贺树峰
e3865,何家劲
e3866,杨杏
e3867,武星
e3868,周蕙
e3869,赵岭
e3870,周九良
e3871,梅俪儿
e3872,潘霜霜
e3873,任达华
e3874,张庭
e3875,孙丽雅
e3876,徐千雅
e3877,李仙姬
e3878,王凯
e3879,吴欣怡
e3880,赵龙豪
e3881,水田航生
e3882,孙越
e3883,滕丽名
e3884,王思聪
e3885,钟嘉俊
e3886,super junior
e3887,索菲亚
e3888,周也
e3889,胡芷欣
e3890,张小觉
e3891,陈丹
e3892,李瑞镇
e3893,王丽达
e3894,孙诗雯
e3895,刘倩文
e3896,武藤敬司
e3897,程雷
e3898,陈势安
e3899,萨奇·史泰龙
e3900,邓中翰
e3901,左安安
e3902,裘晓晨
e3903,马龙
e3904,黄宝拉
e3905,常石磊
e3906,刘园园
e3907,赵奕欢
e3908,罗凯珊
e3909,李尚禹
e3910,岳丽娜
e3911,李海丽
e3912,何猷亨
e3913,孙东云
e3914,黄瑜娴
e3915,黄晓娟
e3916,于明加
e3917,李乘德
e3918,A-JAX
e3919,向华强
e3920,杨建忠
e3921,崔正元
e3922,朱永恒
e3923,文英楠
e3924,余佳恩
e3925,陈国军
e3926,栾云平
e3927,朱雅芬
e3928,王华
e3929,曾伟权
e3930,丁于
e3931,周成海
e3932,梁静慈
e3933,林梦飞
e3934,谢芷蕙
e3935,杨思敏
e3936,吴健
e3937,白娥娟
e3938,龙泽
e3939,王少伟
e3940,陈庭妮
e3941,山姆·洛克威尔
e3942,陈德容
e3943,胡海锋
e3944,王小毅
e3945,恬妮
e3946,李香琴
e3947,冯家慧
e3948,申敏儿
e3949,林思意
e3950,王小列
e3951,何陶
e3952,文·瑞姆斯
e3953,许凝
e3954,布里吉特·尼尔森
e3955,张铎
e3956,张莉
e3957,林籽
e3958,郑妮可
e3959,朴志胤
e3960,陈鸿烈
e3961,于莎莎
e3962,高金素梅
e3963,汤子星
e3964,邱士楷
e3965,小沈龙
e3966,沈昌珉
e3967,戴佩妮
e3968,成赫
e3969,施文心
e3970,李河静
e3971,林佑威
e3972,奥斯卡·克斯可
e3973,何鸿燊
e3974,陈英杰
e3975,康拉德·希尔顿
e3976,李兆会
e3977,李建群
e3978,路沚灜
e3979,邱胜翊
e3980,张瑞希
e3981,彭国华
e3982,于震
e3983,盛品儒
e3984,何美婷
e3985,张峻宁
e3986,谢欣琳
e3987,樊梅生
e3988,李宗瑞
e3989,赵德仁
e3990,乔什·布洛林
e3991,李天恩
e3992,赵小林
e3993,申盛禄
e3994,佐藤麻衣
e3995,范伟
e3996,朴熙顺
e3997,马克·沃尔伯格
e3998,涂松岩
e3999,李力持
e4000,王浩
e4001,T.O.P
e4002,李基灿
e4003,赵雅英
e4004,辛晓琪
e4005,吴飞霞
e4006,何家杰
e4007,李阵郁
e4008,丹尼·特乔
e4009,李婷芷
e4010,石富宽
e4011,罗兆辉
e4012,许飞
e4013,金基范
e4014,翁俊明
e4015,柳德焕
e4016,曹绮文
e4017,西川贵教
e4018,李萱
e4019,郭艾伦
e4020,张礼承
e4021,杨安迪
e4022,夏侯镔
e4023,鲁健
e4024,史践凡
e4025,朴志妍
e4026,马志明
e4027,杨思琦
e4028,金甫美
e4029,顾长宁
e4030,满江
e4031,马家蔚
e4032,黎英海
e4033,吴均桥
e4034,池珍熙
e4035,李丞涓
e4036,庄心妍
e4037,杨泓
e4038,郑仁
e4039,李在龙
e4040,吕孔维
e4041,霍小茹
e4042,金玫玫
e4043,卡洛·马里奥·朱利尼
e4044,孙羽幽
e4045,成皎皎
e4046,郁冬
e4047,朴昭妍
e4048,沈傲君
e4049,段林希
e4050,刘思惠
e4051,程前
e4052,倪虹洁
e4053,蔡旻佑
e4054,苗雅宁
e4055,马少骅
e4056,周雨彤
e4057,林楚楚
e4058,城田优
e4059,于洋
e4060,金圭钟
e4061,刘冠翔
e4062,阿德琳妮·帕里奇
e4063,鲍春来
e4064,王平久
e4065,叶一茜
e4066,伍迪·哈里森
e4067,张传铭
e4068,金莎朗
e4069,郝好
e4070,周元
e4071,艾威
e4072,陈浩民
e4073,孙铁
e4074,爱莉安娜·格兰德
e4075,乔恩·沃伊特
e4076,李莞
e4077,王艺洁
e4078,蔡颐榛
e4079,林惠嘉
e4080,陶灏景
e4081,邵桐
e4082,张仁里
e4083,马克坚
e4084,张津赫
e4085,崔明吉
e4086,吴倩莲
e4087,张小飞
e4088,余笛
e4089,福田沙纪
e4090,邓小林
e4091,李泰垠
e4092,李日朗
e4093,姜成妍
e4094,胡东
e4095,赤西仁
e4096,金智妮
e4097,傅声
e4098,王嘉尔
e4099,金赛纶
e4100,李荷娜
e4101,柴田梨子
e4102,姜文杰
e4103,高周元
e4104,李铭顺
e4105,王小虎
e4106,丁薇
e4107,郑年均
e4108,曹华益
e4109,邝敏慧
e4110,陈嘉伟
e4111,都知嫄
e4112,张立基
e4113,张永光
e4114,孙立荣
e4115,甄云龙
e4116,李东翰
e4117,黎北海
e4118,袁成杰
e4119,Harper
e4120,郑咏曦
e4121,埃尔维斯·普雷斯利
e4122,帕丽斯·希尔顿
e4123,吴怡霈
e4124,谢豪
e4125,TWINS
e4126,贺锡敬
e4127,王晓宇
e4128,黄保罗
e4129,詹姆斯·布洛林
e4130,刘海峰
e4131,唐宇嘉
e4132,王馨平
e4133,山下直美
e4134,王诗龄
e4135,朴有天
e4136,China Blue
e4137,李心洁
e4138,孟潞
e4139,李苏阳
e4140,徐锡英
e4141,林子琪
e4142,森森
e4143,都晓
e4144,沈智浩
e4145,基努·里维斯
e4146,姜欢
e4147,林博文
e4148,田沅
e4149,法图麦·李
e4150,阿肯
e4151,big four
e4152,南相美
e4153,方敏仪
e4154,史妍
e4155,比莉
e4156,恭硕良
e4157,陈明真
e4158,周明增
e4159,罗伊·霍兰
e4160,于鸣魁
e4161,郎峰
e4162,洪天照
e4163,田雨橙
e4164,本基·马登
e4165,吴羽卿
e4166,唐皓
e4167,艾静
e4168,李敏豪
e4169,何训田
e4170,刘庭羽
e4171,向前
e4172,林贞熙
e4173,具荷拉
e4174,赵涛
e4175,黄恺杰
e4176,陈华
e4177,黄造时
e4178,吴雪雯
e4179,沙洲
e4180,李泰民
e4181,裴蓓
e4182,郑雨盛
e4183,陈俊彤
e4184,华原朋美
e4185,姜澯熙
e4186,黄锦燊
e4187,谭凯
e4188,王瑞
e4189,陈雅薷
e4190,乔·杰克逊
e4191,徐海星
e4192,李多海
e4193,许韵珊
e4194,关山
e4195,张彩苑
e4196,刘佩琦
e4197,矢田亚希子
e4198,麦莉·赛勒斯
e4199,洪煦榆
e4200,李奈映
e4201,金釉利
e4202,苑子豪
e4203,安成贤
e4204,李旻果
e4205,田野
e4206,王夫也
e4207,李依馨
e4208,岳云鹏
e4209,孙露
e4210,宋威龙
e4211,锦荣
e4212,爱新觉罗·启星
e4213,洪雁
e4214,赵文琪
e4215,孙淳
e4216,demo
e4217,关婷娜
e4218,小彩旗
e4219,梁咏俊
e4220,郭月
e4221,宋宁峰
e4222,卢巧音
e4223,EXILE
e4224,米雪
e4225,黄皓
e4226,曾之乔
e4227,席琳·迪翁
e4228,唐紫睿
e4229,庄思敏
e4230,王禹心
e4231,张成源
e4232,毕丽娜
e4233,萧芳芳
e4234,凯瑟琳·施瓦辛格
e4235,姬关花
e4236,王新
e4237,谢婷婷
e4238,陈虎
e4239,成毅
e4240,李燕芝
e4241,林隆璇
e4242,吴中天
e4243,钱小豪
e4244,陶虹旭
e4245,张伟铃
e4246,北乃纪伊
e4247,金桐俊
e4248,成勋
e4249,朴有焕
e4250,MJ王子二世
e4251,奚美娟
e4252,南智贤
e4253,林雪
e4254,王丽云
e4255,老虎
e4256,张豪龙
e4257,萧圣谚
e4258,林盈臻
e4259,韩丹彤
e4260,杰丝敏·维利加斯
e4261,小钟
e4262,杨舒婷
e4263,师小红
e4264,冯思羽
e4265,薛皓垠
e4266,蔡淇俊
e4267,韩振熙
e4268,戴碧芝
e4269,郑银宇
e4270,王晓
e4271,Wonder Girls
e4272,黄荷娜
e4273,市村正亲
e4274,郭晓然
e4275,Mehdi El Ajimi
e4276,波比·肯
e4277,殷承宗
e4278,姚峰
e4279,高大宽
e4280,妮可·里奇
e4281,金智媛
e4282,杨秀惠
e4283,王东生
e4284,陆翊
e4285,陈安莹
e4286,陈少霞
e4287,崔泰俊
e4288,陈芷菁
e4289,王秀琳
e4290,冯丹滢
e4291,傅嘉莉
e4292,瑞凡·菲尼克斯
e4293,艾如
e4294,哈琳娜
e4295,金香奇
e4296,陈法蓉
e4297,丁丁
e4298,尹汝贞
e4299,单联丽
e4300,山田圭子
e4301,夏苡棓
e4302,刘斌
e4303,宋星翰
e4304,周游
e4305,李多寅
e4306,王梓涵
e4307,崔真英
e4308,陈荣炼
e4309,毕凌
e4310,顽童MJ116
e4311,唐宁
e4312,金昌完
e4313,李泽锋
e4314,李艾佳
e4315,朴仁英
e4316,李小龙
e4317,金基德
e4318,桑平
e4319,金俊秀
e4320,李成昌
e4321,艾尚真
e4322,吴征
e4323,郎昆
e4324,黑木明纱
e4325,柯翰辰
e4326,倪睿思
e4327,王灿
e4328,马秋华
e4329,陈柏融
e4330,陈友
e4331,郁方
e4332,葛民辉
e4333,王福龄
e4334,李一哲
e4335,高雅拉
e4336,季怡亨
e4337,安圣浩
e4338,华少
e4339,沈月
e4340,郜林
e4341,黄婉君
e4342,孙佳仁
e4343,黛比·罗
e4344,池昌旭
e4345,李志奇
e4346,胡蓓蔚
e4347,汪十安
e4348,黄文豪
e4349,EXILE THE SECOND
e4350,蓝盈莹
e4351,张名雅
e4352,岑丽香
e4353,孟彦森
e4354,王玉
e4355,罗琦
e4356,余枫
e4357,任晴佳
e4358,刘洲成
e4359,李俊赫
e4360,郑伟
e4361,金宥真
e4362,王韵壹
e4363,崔秀钟
e4364,胡兵
e4365,吴涟序
e4366,元泰
e4367,塞缪尔·杰克逊
e4368,陈庭萱
e4369,王矜霖
e4370,孔晓振
e4371,郭亮
e4372,管晓杰
e4373,李兆基
e4374,洪永城
e4375,叶童
e4376,杨丽萍
e4377,赵雅芝
e4378,曹馨月
e4379,刘洪悦
e4380,庞维新
e4381,李婷宜
e4382,刘琳
e4383,向华胜
e4384,吉娜·爱丽丝
e4385,马东
e4386,刘德盛
e4387,金夏研
e4388,俞永镇
e4389,郭全宝
e4390,区丁平
e4391,刘建浩
e4392,杨升昊
e4393,田丽
e4394,江希文
e4395,普瑞斯·迈克尔·杰克逊
e4396,成建辉
e4397,陈璟逸
e4398,罗静恩
e4399,金美儿
e4400,蔡明
e4401,于云霆
e4402,林美贞
e4403,慕容雪村
e4404,金紫耀
e4405,马赫
e4406,阮佩珍
e4407,苏永康
e4408,杨光
e4409,段钧豪
e4410,王秋紫
e4411,芦菲
e4412,nine muses
e4413,郑罗茜
e4414,田汰遂
e4415,陈密
e4416,庾恩锡
e4417,劳伦·哈希安
e4418,李冠丰
e4419,原丽淇
e4420,许冠文
e4421,毛林林
e4422,姜虎东
e4423,郑进永
e4424,李翊
e4425,黄立行
e4426,苗乙乙
e4427,金圣权
e4428,黄一
e4429,贾斯汀·巴萨
e4430,bigbang
e4431,林师杰
e4432,蔡瀚亿
e4433,吉克隽逸
e4434,余积廉
e4435,汪诗诗
e4436,杨乃文
e4437,施易男
e4438,金廷恩
e4439,罗家权
e4440,王朔
e4441,杨昆
e4442,英格丽·比苏
e4443,李英爱
e4444,黄立成
e4445,李诗翔
e4446,林志鸿
e4447,亦舒
e4448,李万祺
e4449,郭鹤鸣
e4450,梁洁
e4451,周永昌
e4452,Allen
e4453,徐智慧
e4454,卢少慈
e4455,安娜·法瑞丝
e4456,何猷君
e4457,杨雅诺
e4458,吴世英
e4459,郭永淳
e4460,张也
e4461,陈格
e4462,shinee
e4463,唐艺兮
e4464,邓伟杰
e4465,庾家麟
e4466,金高恩
e4467,姚文龙
e4468,李小萌
e4469,姚凤丝
e4470,崔允谦
e4471,帕特丽夏·阿奎特
e4472,崔震东
e4473,菲利普·塞默·霍夫曼
e4474,宋承基
e4475,陈婉珍
e4476,祖海
e4477,李英雅
e4478,丁佩
e4479,卓依婷
e4480,唐季礼
e4481,刘仁娜
e4482,钟舒漫
e4483,朴景丽
e4484,任东霖
e4485,央央金
e4486,杨丽梅
e4487,玛丽昂·歌迪亚
e4488,廖剑玲
e4489,沈佳润
e4490,西恩·潘
e4491,石英
e4492,林暐哲
e4493,麦当娜·西科尼
e4494,金伦奭
e4495,小默先生
e4496,文沛然
e4497,迈克尔·洛克伍德
e4498,索菲亚·科波拉
e4499,魏如萱
e4500,汤姆·克鲁斯
e4501,杨爱瑾
e4502,谭卓
e4503,丁三光
e4504,张仁勇
e4505,宗庸卓玛
e4506,coco
e4507,向海岚
e4508,高群书
e4509,柳秀荣
e4510,黄嘉果
e4511,权律
e4512,帕丽斯·迈克尔·凯瑟琳·杰克逊
e4513,黄家诺
e4514,陈浥
e4515,松浦胜人
e4516,韩艺瑟
e4517,黄景行
e4518,郑妍周
e4519,朱曼芳
e4520,刘雨柔
e4521,杨斯元
e4522,吴晴
e4523,朴秀真
e4524,郭有源
e4525,刘大刚
e4526,金英光
e4527,杨安麟
e4528,黄兆函
e4529,严慧明
e4530,伊丽莎白·吉利斯
e4531,珍妮·达米塔·乔·杰克逊
e4532,李政春
e4533,魏海明
e4534,乔纳森·莱斯·梅耶斯
e4535,莫妮卡·贝鲁奇
e4536,司徒锦源
e4537,李潇
e4538,孔舒航
e4539,丁一
e4540,郑智慧
e4541,肖妮·史密斯
e4542,秀才
e4543,陈曜旻
e4544,郭明翔
e4545,宋康昊
e4546,傅程鹏
e4547,曾馨嬅
e4548,林赛·罗韩
e4549,金孝静
e4550,岳华
e4551,王国旌
e4552,林嘉欣
e4553,赵铁蛋
e4554,凯特琳·比德尔斯
e4555,山下莉奈
e4556,博焱
e4557,沈黎晖
e4558,傅浤鸣
e4559,杨乐乐
e4560,爱丽丝·金
e4561,何绮玲
e4562,张铭恩
e4563,区文诗
e4564,向云
e4565,李忠琛
e4566,金铁霖
e4567,陈辉虹
e4568,蔡志忠
e4569,欧阳慧霏
e4570,泰瑞斯·吉布森
e4571,朴叙俊
e4572,丁秋星
e4573,陈永信
e4574,程莉莎
e4575,辛芷蕾
e4576,李在容
e4577,廖启智
e4578,表惠美
e4579,隔壁老樊
e4580,邓光荣
e4581,朴政玟
e4582,保罗·沃克
e4583,郑敬基
e4584,吴萍
e4585,安德烈·拉泽夫
e4586,林世玲
e4587,菜菜绪
e4588,李文辉
e4589,韩艺仁
e4590,李树佳
e4591,徐珠贤
e4592,刘志敏
e4593,寇庚儒
e4594,梅小惠
e4595,庄月明
e4596,甄锡
e4597,何超云
e4598,刘潺
e4599,唐鉴军
e4600,岳红
e4601,帕里斯·凯瑟琳
e4602,张舒雅
e4603,长濑智也
e4604,杨钰莹
e4605,全美善
e4606,胡友松
e4607,金俊勉
e4608,孔笙
e4609,郑天亮
e4610,常远
e4611,殷志源
e4612,妮可·基德曼
e4613,赵权
e4614,乐嘉
e4615,朴尚玄
e4616,赵敏芬
e4617,吕丽萍
e4618,阎维文
e4619,宰豪
e4620,黄祺谙
e4621,张秋芳
e4622,刘家成
e4623,赵茹珍
e4624,汪苏泷
e4625,张石荻
e4626,杨文昊
e4627,王菊
e4628,侯耀华
e4629,沈亨倬
e4630,朴宝英
e4631,许冠杰
e4632,何晃杰
e4633,王弢
e4634,王赞策
e4635,黎民伟
e4636,尹道贤
e4637,韦唯
e4638,杨凯淳
e4639,靳梦佳
e4640,邹宏宇
e4641,金莉莉
e4642,敖嘉年
e4643,苏岩
e4644,代雯奇
e4645,郝戎
e4646,孙丽蓉
e4647,郑在娟
e4648,钟慧冰
e4649,张晋
e4650,艾米莉·布朗特
e4651,金泰宇
e4652,罗子溢
e4653,沈春阳
e4654,张议天
e4655,李泰成
e4656,萨日娜
e4657,申爱罗
e4658,邓颖芝
e4659,黄光宜
e4660,全慧彬
e4661,朱质冰
e4662,陈司翰
e4663,金炯秀
e4664,丁晟
e4665,绫濑遥
e4666,林雨宣
e4667,Melinda
e4668,张睿家
e4669,宋祖英
e4670,郑宝石
e4671,甄美里
e4672,朱研
e4673,崔振赫
e4674,黄汉伟
e4675,张经伟
e4676,G.NA
e4677,崔岷植
e4678,杨文昌
e4679,江振诚
e4680,诺雅·赛勒斯
e4681,阿比留优
e4682,李顺载
e4683,让·米歇尔·雅尔
e4684,宋允儿
e4685,廖俊杰
e4686,凌潇肃
e4687,曾恺玹
e4688,刘智安
e4689,吕珍九
e4690,林艾为
e4691,袁艾菲
e4692,林立雯
e4693,林秉翰
e4694,刘流
e4695,路嘉欣
e4696,赵恩世
e4697,屠芮葆
e4698,王昆
e4699,李钟赫
e4700,张思乐
e4701,周小斌
e4702,木村拓哉
e4703,高玉庆
e4704,杨磊
e4705,况明洁
e4706,李如刚
e4707,柳承范
e4708,石洋子
e4709,王小华
e4710,赵银星
e4711,G.O
e4712,黄少谷
e4713,梁靖琪
e4714,江明洋
e4715,傅淼
e4716,杨骏文
e4717,文森特·卡索
e4718,珍妮·杰克逊
e4719,张逸杰
e4720,都暻秀
e4721,姜宏波
e4722,普瑞希拉·普雷斯利
e4723,沈嘉伟
e4724,刘锡明
e4725,刘永辉
e4726,安圣基
e4727,陈宗善
e4728,瓦其依合
e4729,唐静
e4730,金东旭
e4731,钱景峰
e4732,李修贤
e4733,李赫宰
e4734,格格
e4735,香奈儿
e4736,郑敬淏
e4737,吕燕
e4738,冯淬帆
e4739,施鸿鄂
e4740,麦家琪
e4741,朱晓阳
e4742,孟庭苇
e4743,上西惠
e4744,科洛·格蕾斯·莫瑞兹
e4745,郑虹
e4746,郑安仪
e4747,向语洁
e4748,韩石圭
e4749,刘智泰
e4750,邱际亨
e4751,王庆祥
e4752,张卫宁
e4753,林智文
e4754,三浦春马
e4755,胡瓜
e4756,刘仪伟
e4757,FTISLAND
e4758,宋智孝
e4759,崔志佳
e4760,奥利弗·斯通
e4761,邹元清
e4762,陈子聪
e4763,欧阳巧莹
e4764,郑云灿
e4765,李必模
e4766,徐黄丽
e4767,王星
e4768,张人龙
e4769,壮丽
e4770,于小慧
e4771,焦宜蓁
e4772,师鹏
e4773,杨长智
e4774,申河均
e4775,徐仁国
e4776,张英才
e4777,黄铁良
e4778,唐文龙
e4779,冯镜华
e4780,林翠
e4781,金旼序
e4782,河正宇
e4783,郑丙熙
e4784,林香兰
e4785,李琳琳
e4786,莫丹
e4787,李亭哲
e4788,马雪阳
e4789,水月
e4790,尹海英
e4791,伊势谷友介
e4792,徐箭
e4793,Dal shabet
e4794,金珠儿
e4795,林俊峰
e4796,黄婉佩
e4797,金兰
e4798,野村周平
e4799,何猷龙
e4800,郑裕美
e4801,郑英镇
e4802,莫大伟
e4803,陈志介
e4804,朴嘉熙
e4805,方舒
e4806,梁耀燮
e4807,梁家仁
e4808,杨建国
e4809,马龙·白兰度
e4810,斯坦利·图齐
e4811,马世天
e4812,钱似莺
e4813,夏菁
e4814,尹丽川
e4815,侯宝林
e4816,雷尼·安杰利
e4817,贺刚
e4818,苏霈
e4819,利亚姆·海姆斯沃斯
e4820,褚乔
e4821,李相奉
e4822,郑淳元
e4823,任素汐
e4824,孙成雅
e4825,陈一玲
e4826,林欣彤
e4827,黎灼灼
e4828,陈明
e4829,刘宝瑞
e4830,赵胤胤
e4831,金慧英
e4832,吴启明
e4833,黄芷晴
e4834,香椎由宇
e4835,希比·布拉奇克
e4836,傅颖
e4837,吴君祥
e4838,中村狮童
e4839,毛毅
e4840,王瑾
e4841,李长治
e4842,唐美云
e4843,李玹雨
e4844,程煜
e4845,王杰
e4846,张美珠
e4847,池贤宇
e4848,刘秋莲
e4849,柳明明
e4850,海一天
e4851,伦永亮
e4852,何守信
e4853,艾玛·罗伯茨
e4854,刘淑芳
e4855,柯智棠
e4856,景黛音
e4857,江青
e4858,周冬齐
e4859,王君馨
e4860,梁诺妍
e4861,周宜霈
e4862,汪粤
e4863,甘宇成
e4864,tablo
e4865,张晓棠
e4866,谭君平
e4867,蒋文娟
e4868,张子栋
e4869,张雪咪
e4870,凯丽·华盛顿
e4871,蛋堡
e4872,迪伦·麦克德莫特
e4873,MIA
e4874,陈荟莲
e4875,宋再临
e4876,张睿
e4877,王浩信
e4878,周治平
e4879,阿尔·帕西诺
e4880,蔡思贝
e4881,于毅
e4882,吉村由美
e4883,谢丹
e4884,尼灿·抔勒威查固
e4885,蒲茜儿
e4886,程天赐
e4887,郎毓秀
e4888,王菲雅
e4889,秦舒培
e4890,林子聪
e4891,松坂桃李
e4892,李香凝
e4893,火风
e4894,大岛由加利
e4895,米娜
e4896,吉恩惠
e4897,杨峥
e4898,黄泰来
e4899,陈国熹
e4900,柏文
e4901,艾莉·罗韩
e4902,Ari
e4903,郭凯敏
e4904,何玉生
e4905,郑敏
e4906,叶问
e4907,山崎努
e4908,伍经衡
e4909,郭淑珍
e4910,宋春丽
e4911,埃里克·罗伯茨
e4912,张正芬
e4913,陈辉阳
e4914,连丽如
e4915,金汉吉
e4916,S.M THE BALLAD
e4917,张昕
e4918,郑素敏
e4919,李起光
e4920,欧嘉·柯瑞兰寇
e4921,吴韦仑
e4922,徐伟栋
e4923,冯丽清
e4924,张彧
e4925,沈震轩
e4926,肖全
e4927,辛沪光
e4928,郭布罗·婉容
e4929,杨秀蓉
e4930,李宣美
e4931,洪天明
e4932,金显祐
e4933,余绮霞
e4934,杜志国
e4935,金俊
e4936,杰克·奥斯卡·斯坦森
e4937,陈国星
e4938,大嘴巴
e4939,罗德丝·里昂
e4940,傅晶
e4941,黄心颖
e4942,黄新惠
e4943,金媛熙
e4944,韩惠珍
e4945,朴炯植
e4946,郑多彬
e4947,杨叶卿
e4948,周莉
e4949,林大竣
e4950,张镐濂
e4951,陈敏儿
